,month,country,NON-BINARY-THEY,GENERIC-THEY,GENERIC-HE,TEXTS-SUM
0,10-01,AU,14,19,18,1171
1,10-01,BD,2,2,2,103
2,10-01,CA,104,94,67,2993
3,10-01,GB,121,145,136,7558
4,10-01,GH,3,4,3,74
5,10-01,HK,0,0,0,27
6,10-01,IE,12,6,13,474
7,10-01,IN,59,51,60,2734
8,10-01,JM,9,12,7,390
9,10-01,KE,0,0,0,4
10,10-01,LK,4,1,4,149
11,10-01,MY,0,1,2,35
12,10-01,NG,0,1,3,77
13,10-01,NZ,10,8,3,413
14,10-01,PH,4,2,0,74
15,10-01,PK,5,9,6,66
16,10-01,SG,0,0,0,32
17,10-01,TZ,0,0,0,1
18,10-01,US,250,241,214,8568
19,10-01,ZA,5,3,1,193
20,10-02,AU,15,23,18,1151
21,10-02,BD,1,4,0,95
22,10-02,CA,70,92,57,2964
23,10-02,GB,137,156,132,7212
24,10-02,GH,8,7,8,127
25,10-02,HK,0,0,0,13
26,10-02,IE,13,16,11,510
27,10-02,IN,47,39,53,3229
28,10-02,JM,5,7,10,315
29,10-02,KE,0,0,0,2
30,10-02,LK,4,4,3,100
31,10-02,MY,1,0,0,26
32,10-02,NG,2,2,4,71
33,10-02,NZ,3,5,9,443
34,10-02,PH,2,1,4,78
35,10-02,PK,4,2,4,52
36,10-02,SG,0,0,0,26
37,10-02,TZ,0,0,0,1
38,10-02,US,231,230,177,8278
39,10-02,ZA,3,6,4,254
40,10-03,AU,17,22,20,1419
41,10-03,BD,3,0,1,88
42,10-03,CA,92,114,77,3559
43,10-03,GB,129,164,147,8073
44,10-03,GH,8,5,2,150
45,10-03,HK,0,0,0,37
46,10-03,IE,11,13,14,634
47,10-03,IN,81,70,94,4010
48,10-03,JM,3,3,2,354
49,10-03,KE,0,0,0,1
50,10-03,LK,1,0,4,117
51,10-03,MY,0,0,1,49
52,10-03,NG,2,5,5,85
53,10-03,NZ,17,14,4,605
54,10-03,PH,2,1,1,78
55,10-03,PK,11,6,6,69
56,10-03,SG,2,0,0,61
57,10-03,TZ,0,0,0,1
58,10-03,US,244,224,174,8407
59,10-03,ZA,5,3,2,334
60,10-04,AU,25,28,8,1289
61,10-04,BD,2,2,1,77
62,10-04,CA,73,87,66,3620
63,10-04,GB,119,153,150,7447
64,10-04,GH,8,8,8,163
65,10-04,HK,0,1,0,17
66,10-04,IE,13,10,13,539
67,10-04,IN,71,61,67,3709
68,10-04,JM,10,1,6,377
69,10-04,KE,1,0,0,9
70,10-04,LK,3,3,2,110
71,10-04,MY,0,1,0,59
72,10-04,NG,1,3,2,66
73,10-04,NZ,19,4,9,623
74,10-04,PH,1,1,1,69
75,10-04,PK,16,10,20,213
76,10-04,SG,2,1,1,73
77,10-04,US,176,191,170,7615
78,10-04,ZA,4,12,2,385
79,10-05,AU,16,28,22,1260
80,10-05,BD,2,2,0,88
81,10-05,CA,82,118,65,3343
82,10-05,GB,144,158,140,7654
83,10-05,GH,8,16,7,186
84,10-05,HK,0,0,0,19
85,10-05,IE,13,10,13,501
86,10-05,IN,64,63,117,4210
87,10-05,JM,6,4,4,376
88,10-05,KE,0,0,0,9
89,10-05,LK,3,3,3,112
90,10-05,MY,1,4,1,67
91,10-05,NG,3,1,4,83
92,10-05,NZ,13,5,10,600
93,10-05,PH,4,1,0,73
94,10-05,PK,15,20,20,321
95,10-05,SG,0,0,1,45
96,10-05,TZ,0,0,0,1
97,10-05,US,216,208,182,7972
98,10-05,ZA,7,5,4,422
99,10-06,AU,31,97,22,1489
100,10-06,BD,0,3,1,95
101,10-06,CA,100,107,63,3668
102,10-06,GB,151,167,134,8310
103,10-06,GH,4,4,8,142
104,10-06,HK,0,0,0,27
105,10-06,IE,18,7,12,617
106,10-06,IN,73,60,109,4461
107,10-06,JM,4,4,8,351
108,10-06,KE,0,0,0,7
109,10-06,LK,1,0,0,36
110,10-06,MY,0,15,0,91
111,10-06,NG,2,5,3,91
112,10-06,NZ,16,8,11,659
113,10-06,PH,1,0,0,74
114,10-06,PK,10,10,6,259
115,10-06,SG,0,0,1,62
116,10-06,TZ,0,0,0,2
117,10-06,US,246,228,207,8668
118,10-06,ZA,10,11,8,449
119,10-07,AU,28,123,20,1403
120,10-07,BD,2,2,4,103
121,10-07,CA,84,111,85,3806
122,10-07,GB,169,186,154,8071
123,10-07,GH,7,5,9,161
124,10-07,HK,0,1,0,26
125,10-07,IE,24,18,18,667
126,10-07,IN,88,74,102,4918
127,10-07,JM,5,5,4,387
128,10-07,KE,0,0,0,8
129,10-07,LK,1,2,2,41
130,10-07,MY,0,7,1,82
131,10-07,NG,5,7,4,113
132,10-07,NZ,10,10,5,640
133,10-07,PH,3,2,3,85
134,10-07,PK,11,14,5,342
135,10-07,SG,0,0,2,53
136,10-07,US,216,244,183,8326
137,10-07,ZA,7,9,7,606
138,10-08,AU,21,34,14,1522
139,10-08,BD,8,1,2,125
140,10-08,CA,92,109,82,3604
141,10-08,GB,133,174,122,7319
142,10-08,GH,9,8,11,156
143,10-08,HK,0,0,0,31
144,10-08,IE,20,12,17,644
145,10-08,IN,82,81,115,5050
146,10-08,JM,8,5,11,396
147,10-08,KE,0,0,0,9
148,10-08,LK,3,3,7,85
149,10-08,MY,3,5,1,78
150,10-08,NG,5,7,4,104
151,10-08,NZ,13,13,8,704
152,10-08,PH,0,2,0,85
153,10-08,PK,10,13,13,305
154,10-08,SG,1,0,0,44
155,10-08,TZ,0,0,0,1
156,10-08,US,217,229,188,8801
157,10-08,ZA,15,9,6,676
158,10-09,AU,24,25,15,1572
159,10-09,BD,1,1,1,92
160,10-09,CA,94,105,96,4142
161,10-09,GB,135,172,163,8125
162,10-09,GH,5,8,7,184
163,10-09,HK,0,0,0,29
164,10-09,IE,21,17,17,736
165,10-09,IN,77,77,127,4491
166,10-09,JM,8,7,7,386
167,10-09,KE,0,0,0,10
168,10-09,LK,2,3,3,56
169,10-09,MY,7,7,1,103
170,10-09,NG,6,2,10,202
171,10-09,NZ,20,15,13,756
172,10-09,PH,5,0,0,97
173,10-09,PK,11,9,7,283
174,10-09,SG,1,0,1,52
175,10-09,US,215,266,194,8744
176,10-09,ZA,18,19,17,734
177,10-10,AU,30,15,14,1469
178,10-10,BD,1,2,1,119
179,10-10,CA,134,123,123,4736
180,10-10,GB,148,202,167,8199
181,10-10,GH,12,9,16,160
182,10-10,HK,0,1,0,42
183,10-10,IE,25,18,34,825
184,10-10,IN,78,50,96,4307
185,10-10,JM,5,4,8,414
186,10-10,KE,0,2,0,8
187,10-10,LK,1,1,1,56
188,10-10,MY,7,6,1,103
189,10-10,NG,8,9,6,294
190,10-10,NZ,22,15,11,797
191,10-10,PH,3,2,1,79
192,10-10,PK,9,18,14,298
193,10-10,SG,2,1,0,64
194,10-10,TZ,0,0,0,2
195,10-10,US,189,226,210,8909
196,10-10,ZA,16,12,14,906
197,10-11,AU,30,31,21,1500
198,10-11,BD,2,0,1,102
199,10-11,CA,167,129,101,4544
200,10-11,GB,166,153,115,7414
201,10-11,GH,8,10,13,191
202,10-11,HK,0,0,0,37
203,10-11,IE,13,107,19,917
204,10-11,IN,84,70,117,4507
205,10-11,JM,11,4,8,352
206,10-11,KE,2,0,0,3
207,10-11,LK,1,3,1,69
208,10-11,MY,4,10,0,92
209,10-11,NG,9,11,14,304
210,10-11,NZ,19,14,13,765
211,10-11,PH,2,1,0,88
212,10-11,PK,6,13,15,365
213,10-11,SG,0,1,2,50
214,10-11,TZ,1,0,0,4
215,10-11,US,195,264,192,8738
216,10-11,ZA,23,15,15,964
217,10-12,AU,25,26,21,1321
218,10-12,BD,0,4,2,103
219,10-12,CA,134,95,81,3721
220,10-12,GB,111,142,112,6219
221,10-12,GH,10,9,7,143
222,10-12,HK,0,2,0,80
223,10-12,IE,10,100,20,741
224,10-12,IN,124,83,138,4973
225,10-12,JM,5,5,8,396
226,10-12,KE,1,0,1,13
227,10-12,LK,0,6,2,78
228,10-12,MY,2,5,2,106
229,10-12,NG,8,9,14,287
230,10-12,NZ,17,12,3,687
231,10-12,PH,2,1,0,70
232,10-12,PK,10,11,11,386
233,10-12,SG,1,0,0,45
234,10-12,TZ,0,0,0,36
235,10-12,US,221,248,169,8436
236,10-12,ZA,15,11,14,647
237,11-01,AU,25,42,8,1495
238,11-01,BD,1,0,3,122
239,11-01,CA,113,132,116,4512
240,11-01,GB,146,155,154,7761
241,11-01,GH,4,6,5,135
242,11-01,HK,0,0,0,68
243,11-01,IE,22,121,27,978
244,11-01,IN,117,90,110,5285
245,11-01,JM,14,12,3,404
246,11-01,KE,1,0,0,13
247,11-01,LK,5,10,6,185
248,11-01,MY,5,6,2,127
249,11-01,NG,10,10,12,326
250,11-01,NZ,22,8,10,761
251,11-01,PH,5,3,1,74
252,11-01,PK,15,17,16,379
253,11-01,SG,1,3,1,63
254,11-01,TZ,0,1,1,53
255,11-01,US,246,301,200,9429
256,11-01,ZA,14,12,7,978
257,11-02,AU,18,33,7,1455
258,11-02,BD,2,4,5,118
259,11-02,CA,114,145,115,4610
260,11-02,GB,124,150,113,7093
261,11-02,GH,11,3,7,132
262,11-02,HK,0,1,0,44
263,11-02,IE,23,158,36,1013
264,11-02,IN,108,80,117,5228
265,11-02,JM,7,8,5,372
266,11-02,KE,1,0,0,12
267,11-02,LK,5,5,4,107
268,11-02,MY,2,9,2,101
269,11-02,NG,10,15,12,325
270,11-02,NZ,30,20,8,803
271,11-02,PH,3,2,2,94
272,11-02,PK,10,12,15,343
273,11-02,SG,1,0,2,63
274,11-02,TZ,1,1,0,41
275,11-02,US,195,271,167,8353
276,11-02,ZA,20,23,20,1165
277,11-03,AU,22,80,16,1722
278,11-03,BD,1,0,3,100
279,11-03,CA,157,182,107,5348
280,11-03,GB,148,158,137,7430
281,11-03,GH,9,10,14,173
282,11-03,HK,0,0,1,82
283,11-03,IE,24,229,22,1272
284,11-03,IN,88,92,134,5696
285,11-03,JM,10,7,6,427
286,11-03,KE,1,0,0,24
287,11-03,LK,3,3,3,148
288,11-03,MY,7,14,3,124
289,11-03,NG,13,13,16,427
290,11-03,NZ,26,27,17,1103
291,11-03,PH,1,3,2,126
292,11-03,PK,10,13,11,374
293,11-03,SG,0,1,1,121
294,11-03,TZ,1,1,2,40
295,11-03,US,229,243,193,8861
296,11-03,ZA,27,29,27,1489
297,11-04,AU,25,57,22,1764
298,11-04,BD,3,3,2,112
299,11-04,CA,138,188,122,5122
300,11-04,GB,153,177,140,7106
301,11-04,GH,0,4,13,129
302,11-04,HK,1,2,2,66
303,11-04,IE,34,171,26,1141
304,11-04,IN,99,89,110,5346
305,11-04,JM,5,10,9,408
306,11-04,KE,1,0,1,11
307,11-04,LK,11,8,8,178
308,11-04,MY,2,5,0,116
309,11-04,NG,11,14,15,385
310,11-04,NZ,33,14,21,1022
311,11-04,PH,6,1,2,138
312,11-04,PK,15,19,13,370
313,11-04,SG,3,3,2,180
314,11-04,TZ,0,2,2,46
315,11-04,US,220,198,174,8084
316,11-04,ZA,29,22,21,1351
317,11-05,AU,28,46,28,2048
318,11-05,BD,7,5,0,131
319,11-05,CA,146,195,140,5503
320,11-05,GB,174,191,163,8100
321,11-05,GH,4,8,8,129
322,11-05,HK,1,2,1,71
323,11-05,IE,27,249,39,1262
324,11-05,IN,105,89,150,5470
325,11-05,JM,12,7,12,435
326,11-05,KE,0,0,0,16
327,11-05,LK,8,4,6,198
328,11-05,MY,1,8,0,109
329,11-05,NG,9,12,14,374
330,11-05,NZ,36,23,20,1125
331,11-05,PH,10,9,8,415
332,11-05,PK,19,17,33,415
333,11-05,SG,1,2,1,211
334,11-05,TZ,4,1,1,67
335,11-05,US,214,265,182,8691
336,11-05,ZA,22,21,15,1516
337,11-06,AU,32,51,24,1997
338,11-06,BD,4,1,2,100
339,11-06,CA,184,175,155,5968
340,11-06,GB,147,181,178,7490
341,11-06,GH,9,11,10,170
342,11-06,HK,0,1,1,50
343,11-06,IE,26,228,24,1167
344,11-06,IN,123,82,145,5800
345,11-06,JM,12,4,3,401
346,11-06,KE,0,0,0,17
347,11-06,LK,6,5,4,170
348,11-06,MY,4,9,2,115
349,11-06,NG,12,11,18,362
350,11-06,NZ,33,14,15,1043
351,11-06,PH,12,10,9,567
352,11-06,PK,14,26,25,480
353,11-06,SG,0,7,5,268
354,11-06,TZ,2,0,2,62
355,11-06,US,221,229,202,8980
356,11-06,ZA,36,25,20,1512
357,11-07,AU,35,41,17,2047
358,11-07,BD,3,1,0,116
359,11-07,CA,174,171,172,5969
360,11-07,GB,156,180,145,7666
361,11-07,GH,7,5,12,148
362,11-07,HK,2,0,0,59
363,11-07,IE,30,205,22,1239
364,11-07,IN,132,88,161,6163
365,11-07,JM,14,8,7,426
366,11-07,KE,2,2,1,23
367,11-07,LK,4,5,3,184
368,11-07,MY,4,2,0,93
369,11-07,NG,13,22,29,407
370,11-07,NZ,27,21,17,1022
371,11-07,PH,25,9,12,623
372,11-07,PK,18,19,15,503
373,11-07,SG,3,7,5,299
374,11-07,TZ,3,1,0,73
375,11-07,US,205,233,169,8007
376,11-07,ZA,38,23,26,1839
377,11-08,AU,26,51,19,2228
378,11-08,BD,3,3,5,115
379,11-08,CA,172,215,164,6488
380,11-08,GB,159,165,146,7566
381,11-08,GH,14,18,16,249
382,11-08,HK,1,0,1,59
383,11-08,IE,26,255,28,1282
384,11-08,IN,147,93,132,5787
385,11-08,JM,9,4,7,309
386,11-08,KE,1,2,2,73
387,11-08,LK,4,6,10,164
388,11-08,MY,2,8,1,89
389,11-08,NG,14,12,10,393
390,11-08,NZ,24,16,17,1185
391,11-08,PH,26,13,10,722
392,11-08,PK,19,38,32,539
393,11-08,SG,2,4,6,338
394,11-08,TZ,2,1,1,77
395,11-08,US,213,237,165,8682
396,11-08,ZA,32,18,35,2051
397,11-09,AU,25,40,22,2344
398,11-09,BD,1,3,2,101
399,11-09,CA,189,228,163,7405
400,11-09,GB,145,205,160,8393
401,11-09,GH,7,7,15,175
402,11-09,HK,2,2,0,57
403,11-09,IE,24,238,34,1285
404,11-09,IN,154,101,146,6479
405,11-09,JM,11,9,11,410
406,11-09,KE,2,4,2,58
407,11-09,LK,1,5,4,111
408,11-09,MY,1,5,3,109
409,11-09,NG,9,16,24,440
410,11-09,NZ,36,27,23,1151
411,11-09,PH,30,13,12,887
412,11-09,PK,44,46,62,651
413,11-09,SG,3,7,1,344
414,11-09,TZ,1,0,0,96
415,11-09,US,213,235,193,8605
416,11-09,ZA,25,36,30,2069
417,11-10,AU,33,56,22,2264
418,11-10,BD,4,2,1,119
419,11-10,CA,148,199,151,7144
420,11-10,GB,186,195,135,7406
421,11-10,GH,7,8,17,169
422,11-10,HK,1,1,0,48
423,11-10,IE,26,232,32,1258
424,11-10,IN,140,124,158,5771
425,11-10,JM,14,4,10,411
426,11-10,KE,0,5,0,80
427,11-10,LK,3,9,5,248
428,11-10,MY,0,15,2,112
429,11-10,NG,8,9,9,549
430,11-10,NZ,31,32,23,1245
431,11-10,PH,28,13,19,773
432,11-10,PK,47,46,50,655
433,11-10,SG,2,2,3,249
434,11-10,TZ,3,0,0,81
435,11-10,US,199,223,190,8184
436,11-10,ZA,59,37,32,1969
437,11-11,AU,35,41,26,1958
438,11-11,BD,2,2,4,89
439,11-11,CA,195,230,170,7823
440,11-11,GB,148,183,133,7216
441,11-11,GH,9,7,7,176
442,11-11,HK,0,0,0,63
443,11-11,IE,20,207,28,1216
444,11-11,IN,100,88,149,5275
445,11-11,JM,9,9,6,396
446,11-11,KE,0,2,1,109
447,11-11,LK,2,6,5,198
448,11-11,MY,6,12,0,188
449,11-11,NG,4,11,10,502
450,11-11,NZ,31,27,32,1170
451,11-11,PH,27,18,17,657
452,11-11,PK,15,14,22,503
453,11-11,SG,2,5,2,261
454,11-11,TZ,3,1,3,79
455,11-11,US,182,228,195,8024
456,11-11,ZA,71,48,25,2015
457,11-12,AU,20,26,19,1421
458,11-12,BD,2,3,1,102
459,11-12,CA,184,186,133,7044
460,11-12,GB,127,165,135,6353
461,11-12,GH,10,6,5,171
462,11-12,HK,0,0,1,43
463,11-12,IE,23,171,24,973
464,11-12,IN,120,99,170,5213
465,11-12,JM,10,7,5,363
466,11-12,KE,3,0,3,87
467,11-12,LK,8,7,7,189
468,11-12,MY,3,50,9,294
469,11-12,NG,7,11,14,506
470,11-12,NZ,25,17,17,1044
471,11-12,PH,23,9,7,559
472,11-12,PK,34,49,51,796
473,11-12,SG,5,6,3,301
474,11-12,TZ,1,1,3,93
475,11-12,US,167,220,200,7895
476,11-12,ZA,60,34,24,1557
477,12-01,AU,40,40,26,1958
478,12-01,BD,3,2,4,157
479,12-01,CA,193,195,140,8139
480,12-01,GB,194,201,197,8665
481,12-01,GH,10,11,9,197
482,12-01,HK,3,2,0,51
483,12-01,IE,33,251,26,1411
484,12-01,IN,111,99,153,5887
485,12-01,JM,10,11,6,386
486,12-01,KE,1,2,5,215
487,12-01,LK,10,8,13,237
488,12-01,MY,9,145,6,434
489,12-01,NG,5,8,9,435
490,12-01,NZ,26,26,28,1168
491,12-01,PH,18,6,12,576
492,12-01,PK,52,71,62,1044
493,12-01,SG,2,8,3,319
494,12-01,TZ,1,5,4,90
495,12-01,US,218,235,179,8837
496,12-01,ZA,33,67,36,2041
497,12-02,AU,30,53,27,2143
498,12-02,BD,5,5,3,149
499,12-02,CA,211,225,180,8063
500,12-02,GB,150,169,156,7392
501,12-02,GH,10,17,15,169
502,12-02,HK,0,1,0,47
503,12-02,IE,30,218,41,1318
504,12-02,IN,94,102,149,5425
505,12-02,JM,10,7,3,384
506,12-02,KE,5,4,1,289
507,12-02,LK,6,9,3,165
508,12-02,MY,2,83,2,311
509,12-02,NG,12,14,18,518
510,12-02,NZ,31,29,28,1273
511,12-02,PH,26,14,16,703
512,12-02,PK,61,58,67,969
513,12-02,SG,3,2,0,354
514,12-02,TZ,3,3,3,84
515,12-02,US,219,215,181,8187
516,12-02,ZA,44,76,34,2221
517,12-03,AU,31,124,17,2451
518,12-03,BD,3,3,3,140
519,12-03,CA,258,268,179,8820
520,12-03,GB,163,208,170,8364
521,12-03,GH,8,13,9,214
522,12-03,HK,2,2,2,120
523,12-03,IE,26,225,31,1489
524,12-03,IN,102,104,161,5803
525,12-03,JM,3,6,6,372
526,12-03,KE,7,4,3,277
527,12-03,LK,7,8,7,147
528,12-03,MY,0,123,0,388
529,12-03,NG,11,10,17,542
530,12-03,NZ,29,31,32,1489
531,12-03,PH,21,7,18,738
532,12-03,PK,54,50,58,953
533,12-03,SG,2,7,0,350
534,12-03,TZ,2,1,3,116
535,12-03,US,223,233,194,8406
536,12-03,ZA,38,75,31,2478
537,12-04,AU,42,73,18,2561
538,12-04,BD,1,4,3,145
539,12-04,CA,200,218,157,8410
540,12-04,GB,160,190,169,7990
541,12-04,GH,7,11,17,166
542,12-04,HK,0,0,0,44
543,12-04,IE,31,176,43,1386
544,12-04,IN,94,89,130,5751
545,12-04,JM,5,8,8,378
546,12-04,KE,8,4,2,301
547,12-04,LK,5,3,5,96
548,12-04,MY,4,138,1,401
549,12-04,NG,7,25,16,559
550,12-04,NZ,28,32,27,1441
551,12-04,PH,25,10,14,772
552,12-04,PK,54,65,59,959
553,12-04,SG,3,4,0,373
554,12-04,TZ,2,0,2,95
555,12-04,US,194,216,170,7908
556,12-04,ZA,42,41,20,2383
557,12-05,AU,39,62,19,2720
558,12-05,BD,4,6,2,159
559,12-05,CA,239,283,195,9911
560,12-05,GB,194,199,186,8742
561,12-05,GH,9,13,20,205
562,12-05,HK,1,2,1,111
563,12-05,IE,39,226,34,1577
564,12-05,IN,121,106,166,6389
565,12-05,JM,10,9,7,391
566,12-05,KE,6,7,6,355
567,12-05,LK,3,5,5,121
568,12-05,MY,0,118,3,434
569,12-05,NG,5,14,14,597
570,12-05,NZ,36,27,21,1652
571,12-05,PH,32,13,16,1035
572,12-05,PK,53,71,73,1022
573,12-05,SG,1,5,0,334
574,12-05,TZ,3,2,4,122
575,12-05,US,227,259,196,8985
576,12-05,ZA,52,65,26,2904
577,12-06,AU,36,47,26,2688
578,12-06,BD,1,1,2,141
579,12-06,CA,244,259,163,9081
580,12-06,GB,189,193,162,7716
581,12-06,GH,9,15,16,168
582,12-06,HK,1,1,0,68
583,12-06,IE,30,256,38,1613
584,12-06,IN,86,88,168,6035
585,12-06,JM,10,9,6,392
586,12-06,KE,10,4,3,325
587,12-06,LK,2,0,4,113
588,12-06,MY,0,145,0,466
589,12-06,NG,13,17,15,513
590,12-06,NZ,33,35,34,1505
591,12-06,PH,32,17,26,1049
592,12-06,PK,47,64,64,1021
593,12-06,SG,4,8,1,393
594,12-06,TZ,3,4,3,112
595,12-06,US,186,190,195,7879
596,12-06,ZA,29,78,25,2759
597,12-07,AU,42,72,35,3022
598,12-07,BD,1,1,2,153
599,12-07,CA,213,201,155,8582
600,12-07,GB,155,195,169,7902
601,12-07,GH,7,8,11,139
602,12-07,HK,1,3,0,95
603,12-07,IE,37,202,49,1718
604,12-07,IN,110,113,160,6154
605,12-07,JM,19,6,6,442
606,12-07,KE,9,11,7,373
607,12-07,LK,1,3,2,61
608,12-07,MY,5,25,1,342
609,12-07,NG,5,18,18,617
610,12-07,NZ,61,31,25,1741
611,12-07,PH,32,18,15,1058
612,12-07,PK,57,73,78,1077
613,12-07,SG,6,13,1,463
614,12-07,TZ,3,2,0,142
615,12-07,US,189,192,185,8051
616,12-07,ZA,23,76,16,2909
617,12-08,AU,22,200,24,2951
618,12-08,BD,2,1,1,126
619,12-08,CA,188,207,161,8619
620,12-08,GB,180,190,173,7937
621,12-08,GH,7,14,14,324
622,12-08,HK,1,2,2,81
623,12-08,IE,37,214,32,1675
624,12-08,IN,106,92,131,5923
625,12-08,JM,8,10,11,403
626,12-08,KE,4,4,7,346
627,12-08,LK,4,0,1,118
628,12-08,MY,0,21,0,318
629,12-08,NG,13,16,17,629
630,12-08,NZ,50,39,33,1844
631,12-08,PH,34,16,13,1019
632,12-08,PK,50,50,53,988
633,12-08,SG,2,1,10,349
634,12-08,TZ,4,0,4,117
635,12-08,US,225,243,193,8169
636,12-08,ZA,43,84,25,3088
637,12-09,AU,28,224,30,2762
638,12-09,BD,4,2,4,165
639,12-09,CA,197,238,159,8440
640,12-09,GB,145,183,144,7288
641,12-09,GH,13,12,16,331
642,12-09,HK,0,2,2,69
643,12-09,IE,48,36,36,1397
644,12-09,IN,101,77,148,5506
645,12-09,JM,8,10,5,426
646,12-09,KE,8,9,11,441
647,12-09,LK,1,4,2,81
648,12-09,MY,1,94,3,406
649,12-09,NG,6,21,14,665
650,12-09,NZ,45,41,27,1767
651,12-09,PH,31,15,23,1151
652,12-09,PK,53,62,68,1046
653,12-09,SG,3,4,2,318
654,12-09,TZ,2,3,2,146
655,12-09,US,192,195,189,7769
656,12-09,ZA,39,65,41,2670
657,12-10,AU,39,254,34,3076
658,12-10,BD,4,4,0,129
659,12-10,CA,242,247,175,8881
660,12-10,GB,178,207,172,8038
661,12-10,GH,16,9,12,390
662,12-10,HK,2,1,2,82
663,12-10,IE,43,35,43,1630
664,12-10,IN,108,98,155,5983
665,12-10,JM,7,13,12,415
666,12-10,KE,9,12,7,655
667,12-10,LK,1,2,1,132
668,12-10,MY,5,153,1,508
669,12-10,NG,8,21,18,697
670,12-10,NZ,33,23,23,1590
671,12-10,PH,23,14,28,1101
672,12-10,PK,59,60,60,1062
673,12-10,SG,7,7,7,471
674,12-10,TZ,2,1,2,134
675,12-10,US,207,206,172,8072
676,12-10,ZA,36,85,34,3138
677,12-11,AU,31,179,26,2751
678,12-11,BD,2,4,1,144
679,12-11,CA,272,300,182,9816
680,12-11,GB,178,198,181,8229
681,12-11,GH,13,13,15,375
682,12-11,HK,0,3,2,69
683,12-11,IE,45,40,47,1711
684,12-11,IN,96,88,140,5305
685,12-11,JM,6,6,5,402
686,12-11,KE,9,16,10,690
687,12-11,LK,3,5,6,74
688,12-11,MY,3,129,3,429
689,12-11,NG,11,24,19,723
690,12-11,NZ,35,27,25,1700
691,12-11,PH,22,13,24,1178
692,12-11,PK,56,48,68,849
693,12-11,SG,5,13,2,462
694,12-11,TZ,2,3,2,127
695,12-11,US,190,204,199,7591
696,12-11,ZA,39,77,25,2805
697,12-12,AU,29,60,22,2219
698,12-12,BD,3,7,3,156
699,12-12,CA,185,203,146,7972
700,12-12,GB,119,151,145,6775
701,12-12,GH,10,8,9,275
702,12-12,HK,1,1,1,65
703,12-12,IE,40,29,41,1376
704,12-12,IN,101,83,134,5567
705,12-12,JM,2,2,2,442
706,12-12,KE,11,17,12,693
707,12-12,LK,1,2,2,58
708,12-12,MY,7,121,2,462
709,12-12,NG,8,20,24,700
710,12-12,NZ,28,32,15,1381
711,12-12,PH,24,13,14,989
712,12-12,PK,47,63,65,909
713,12-12,SG,6,9,1,351
714,12-12,TZ,4,0,0,145
715,12-12,US,192,209,189,7739
716,12-12,ZA,25,51,15,1865
717,13-01,AU,48,63,33,3016
718,13-01,BD,6,6,10,268
719,13-01,CA,189,192,162,8770
720,13-01,GB,177,212,173,8738
721,13-01,GH,15,6,8,364
722,13-01,HK,0,3,1,80
723,13-01,IE,60,111,60,2145
724,13-01,IN,73,97,154,5816
725,13-01,JM,3,4,3,398
726,13-01,KE,9,19,12,889
727,13-01,LK,5,3,3,104
728,13-01,MY,2,134,3,453
729,13-01,NG,11,20,29,748
730,13-01,NZ,38,39,33,1658
731,13-01,PH,39,20,20,1047
732,13-01,PK,48,63,52,871
733,13-01,SG,4,4,5,466
734,13-01,TZ,4,4,6,193
735,13-01,US,180,216,158,8461
736,13-01,ZA,23,77,22,2726
737,13-02,AU,36,70,29,2806
738,13-02,BD,6,9,4,248
739,13-02,CA,173,208,133,8432
740,13-02,GB,163,190,135,7708
741,13-02,GH,11,9,16,350
742,13-02,HK,2,1,0,71
743,13-02,IE,60,214,43,2224
744,13-02,IN,73,94,110,4947
745,13-02,JM,6,4,0,338
746,13-02,KE,9,9,17,607
747,13-02,LK,1,2,0,64
748,13-02,MY,2,130,2,400
749,13-02,NG,14,23,23,658
750,13-02,NZ,29,31,23,1319
751,13-02,PH,23,22,16,990
752,13-02,PK,45,51,56,887
753,13-02,SG,8,12,2,452
754,13-02,TZ,6,0,2,162
755,13-02,US,188,189,152,7464
756,13-02,ZA,24,46,19,2882
757,13-03,AU,50,73,36,3162
758,13-03,BD,10,9,6,189
759,13-03,CA,170,227,155,8587
760,13-03,GB,154,172,172,7982
761,13-03,GH,15,9,12,362
762,13-03,HK,1,0,1,109
763,13-03,IE,68,215,87,3101
764,13-03,IN,90,103,131,5512
765,13-03,JM,2,4,4,398
766,13-03,KE,10,10,12,775
767,13-03,LK,1,0,6,110
768,13-03,MY,5,162,3,533
769,13-03,NG,10,28,32,774
770,13-03,NZ,33,31,16,1505
771,13-03,PH,32,16,16,1243
772,13-03,PK,36,41,44,851
773,13-03,SG,7,12,3,559
774,13-03,TZ,2,2,4,186
775,13-03,US,182,202,154,8158
776,13-03,ZA,39,60,41,3447
777,13-04,AU,56,114,42,3599
778,13-04,BD,10,5,3,200
779,13-04,CA,178,195,123,8146
780,13-04,GB,152,180,147,7447
781,13-04,GH,17,15,14,377
782,13-04,HK,2,2,1,99
783,13-04,IE,74,170,59,2748
784,13-04,IN,68,73,122,5570
785,13-04,JM,4,7,6,412
786,13-04,KE,12,16,17,814
787,13-04,LK,1,1,2,125
788,13-04,MY,3,61,2,422
789,13-04,NG,20,21,30,809
790,13-04,NZ,43,38,40,1742
791,13-04,PH,37,22,22,1508
792,13-04,PK,50,68,53,950
793,13-04,SG,6,6,7,723
794,13-04,TZ,6,3,1,211
795,13-04,US,167,219,140,7500
796,13-04,ZA,43,53,39,3622
797,13-05,AU,61,118,33,4258
798,13-05,BD,14,9,14,379
799,13-05,CA,189,194,166,8886
800,13-05,GB,188,231,151,8203
801,13-05,GH,18,11,11,387
802,13-05,HK,4,7,2,169
803,13-05,IE,88,195,83,3406
804,13-05,IN,104,98,136,6167
805,13-05,JM,7,3,8,419
806,13-05,KE,19,16,18,850
807,13-05,LK,1,2,3,115
808,13-05,MY,3,85,5,503
809,13-05,NG,10,32,37,934
810,13-05,NZ,51,53,30,1899
811,13-05,PH,30,15,28,1496
812,13-05,PK,51,57,47,982
813,13-05,SG,13,20,3,888
814,13-05,TZ,6,7,0,227
815,13-05,US,208,231,165,8346
816,13-05,ZA,48,99,33,3808
817,13-06,AU,65,72,38,3784
818,13-06,BD,14,20,12,401
819,13-06,CA,195,178,124,7686
820,13-06,GB,170,177,146,6953
821,13-06,GH,19,12,13,394
822,13-06,HK,1,3,1,88
823,13-06,IE,79,226,76,3035
824,13-06,IN,69,87,77,4862
825,13-06,JM,7,8,7,381
826,13-06,KE,9,16,12,791
827,13-06,LK,3,3,5,144
828,13-06,MY,8,118,5,622
829,13-06,NG,17,36,41,883
830,13-06,NZ,36,39,26,1694
831,13-06,PH,57,12,18,1517
832,13-06,PK,46,57,47,880
833,13-06,SG,6,21,2,818
834,13-06,TZ,2,3,6,197
835,13-06,US,194,201,123,6946
836,13-06,ZA,34,72,38,3528
837,13-07,AU,68,99,31,4027
838,13-07,BD,34,21,19,527
839,13-07,CA,163,187,118,7303
840,13-07,GB,158,167,143,7447
841,13-07,GH,19,10,18,517
842,13-07,HK,2,2,4,136
843,13-07,IE,94,229,81,3366
844,13-07,IN,59,76,85,5168
845,13-07,JM,6,4,6,393
846,13-07,KE,24,17,13,866
847,13-07,LK,4,1,1,142
848,13-07,MY,13,84,11,786
849,13-07,NG,27,29,38,1021
850,13-07,NZ,47,38,34,1984
851,13-07,PH,46,19,36,1868
852,13-07,PK,51,52,50,959
853,13-07,SG,10,12,6,734
854,13-07,TZ,4,7,3,217
855,13-07,US,150,168,131,6561
856,13-07,ZA,55,96,30,3707
857,13-08,AU,57,73,31,3797
858,13-08,BD,34,35,26,489
859,13-08,CA,162,194,133,7702
860,13-08,GB,196,183,154,8177
861,13-08,GH,9,21,15,482
862,13-08,HK,2,11,1,135
863,13-08,IE,101,272,85,3948
864,13-08,IN,89,84,78,5296
865,13-08,JM,3,3,3,382
866,13-08,KE,14,8,13,732
867,13-08,LK,4,1,1,134
868,13-08,MY,17,130,13,951
869,13-08,NG,23,29,35,958
870,13-08,NZ,20,19,18,1034
871,13-08,PH,34,16,30,1678
872,13-08,PK,40,42,58,916
873,13-08,SG,5,6,4,631
874,13-08,TZ,5,4,3,203
875,13-08,US,196,214,172,7630
876,13-08,ZA,38,84,30,3803
877,13-09,AU,57,97,56,3956
878,13-09,BD,37,15,21,479
879,13-09,CA,158,223,122,8209
880,13-09,GB,210,189,149,7789
881,13-09,GH,12,22,19,491
882,13-09,HK,3,2,4,163
883,13-09,IE,92,207,75,3611
884,13-09,IN,90,90,63,5538
885,13-09,JM,6,2,6,420
886,13-09,KE,15,17,12,630
887,13-09,LK,0,0,2,82
888,13-09,MY,15,160,10,935
889,13-09,NG,23,27,36,988
890,13-09,NZ,45,30,37,1444
891,13-09,PH,39,22,38,1826
892,13-09,PK,42,49,37,869
893,13-09,SG,10,14,5,841
894,13-09,TZ,8,2,1,211
895,13-09,US,182,189,157,7341
896,13-09,ZA,46,108,37,3617
897,13-10,AU,50,87,47,3946
898,13-10,BD,34,35,31,482
899,13-10,CA,166,206,131,9085
900,13-10,GB,170,175,158,7976
901,13-10,GH,7,15,22,361
902,13-10,HK,4,2,2,135
903,13-10,IE,112,245,112,4568
904,13-10,IN,72,89,81,5524
905,13-10,JM,8,6,2,409
906,13-10,KE,16,12,10,623
907,13-10,LK,0,0,1,80
908,13-10,MY,10,159,6,917
909,13-10,NG,18,37,31,1052
910,13-10,NZ,27,28,30,1415
911,13-10,PH,49,29,42,1943
912,13-10,PK,39,61,62,770
913,13-10,SG,6,14,1,821
914,13-10,TZ,4,5,0,195
915,13-10,US,182,187,170,7202
916,13-10,ZA,53,116,41,4578
917,13-11,AU,55,89,55,4092
918,13-11,BD,27,28,21,401
919,13-11,CA,155,192,106,8762
920,13-11,GB,185,196,172,7785
921,13-11,GH,6,3,7,306
922,13-11,HK,4,1,3,136
923,13-11,IE,93,271,89,4352
924,13-11,IN,57,64,59,4401
925,13-11,JM,6,7,2,438
926,13-11,KE,19,17,16,653
927,13-11,LK,1,2,1,88
928,13-11,MY,16,166,9,989
929,13-11,NG,14,25,34,946
930,13-11,NZ,28,28,28,1338
931,13-11,PH,44,17,25,1817
932,13-11,PK,34,44,41,791
933,13-11,SG,9,11,7,768
934,13-11,TZ,3,2,3,215
935,13-11,US,170,185,133,6870
936,13-11,ZA,60,113,20,3908
937,13-12,AU,58,68,51,3738
938,13-12,BD,31,27,24,400
939,13-12,CA,169,170,123,8618
940,13-12,GB,179,180,160,7335
941,13-12,GH,9,11,14,338
942,13-12,HK,3,3,2,109
943,13-12,IE,96,192,107,3648
944,13-12,IN,81,103,70,5130
945,13-12,JM,5,2,2,410
946,13-12,KE,17,15,7,544
947,13-12,LK,0,0,0,70
948,13-12,MY,15,154,7,913
949,13-12,NG,25,20,31,908
950,13-12,NZ,28,22,20,1138
951,13-12,PH,36,20,30,1861
952,13-12,PK,36,53,60,971
953,13-12,SG,9,7,2,709
954,13-12,TZ,4,1,6,171
955,13-12,US,177,156,139,7069
956,13-12,ZA,78,73,55,2960
957,14-01,AU,50,71,50,3993
958,14-01,BD,6,6,3,293
959,14-01,CA,178,183,134,9294
960,14-01,GB,188,175,170,8676
961,14-01,GH,13,8,13,365
962,14-01,HK,0,0,1,139
963,14-01,IE,89,233,125,4414
964,14-01,IN,65,74,77,5087
965,14-01,JM,5,6,8,462
966,14-01,KE,14,15,15,632
967,14-01,LK,0,3,3,91
968,14-01,MY,18,172,12,1077
969,14-01,NG,25,29,43,1019
970,14-01,NZ,34,20,11,1241
971,14-01,PH,44,30,30,2328
972,14-01,PK,57,78,89,1129
973,14-01,SG,6,9,3,839
974,14-01,TZ,3,4,3,205
975,14-01,US,189,207,136,8042
976,14-01,ZA,42,97,35,2843
977,14-02,AU,43,101,47,3943
978,14-02,BD,4,7,3,175
979,14-02,CA,153,185,131,8537
980,14-02,GB,171,206,156,7693
981,14-02,GH,6,11,11,373
982,14-02,HK,2,1,0,138
983,14-02,IE,102,254,99,4312
984,14-02,IN,83,74,77,5003
985,14-02,JM,5,3,2,393
986,14-02,KE,12,20,9,601
987,14-02,LK,2,1,4,119
988,14-02,MY,7,140,8,872
989,14-02,NG,20,30,44,890
990,14-02,NZ,28,22,19,1367
991,14-02,PH,36,20,20,1965
992,14-02,PK,69,73,70,1039
993,14-02,SG,4,8,4,681
994,14-02,TZ,3,1,2,167
995,14-02,US,154,174,120,6932
996,14-02,ZA,38,83,29,2764
997,14-03,AU,70,131,55,4311
998,14-03,BD,5,4,7,265
999,14-03,CA,201,177,119,8850
1000,14-03,GB,198,199,167,8195
1001,14-03,GH,21,19,13,539
1002,14-03,HK,4,1,2,162
1003,14-03,IE,118,229,102,4749
1004,14-03,IN,87,84,73,5355
1005,14-03,JM,6,3,5,427
1006,14-03,KE,14,16,8,587
1007,14-03,LK,3,2,1,133
1008,14-03,MY,10,143,7,929
1009,14-03,NG,28,58,44,1072
1010,14-03,NZ,28,31,19,1439
1011,14-03,PH,53,19,23,2095
1012,14-03,PK,65,84,76,1075
1013,14-03,SG,7,9,8,951
1014,14-03,TZ,6,6,2,204
1015,14-03,US,181,219,130,7276
1016,14-03,ZA,67,94,34,3280
1017,14-04,AU,62,97,57,4299
1018,14-04,BD,10,3,4,298
1019,14-04,CA,160,164,123,8414
1020,14-04,GB,158,201,153,7565
1021,14-04,GH,14,13,17,518
1022,14-04,HK,1,3,1,189
1023,14-04,IE,115,232,99,4502
1024,14-04,IN,85,86,94,5436
1025,14-04,JM,3,4,4,448
1026,14-04,KE,7,16,10,585
1027,14-04,LK,3,3,2,133
1028,14-04,MY,18,153,14,1040
1029,14-04,NG,26,39,47,1075
1030,14-04,NZ,30,26,15,1221
1031,14-04,PH,36,30,18,1990
1032,14-04,PK,51,70,72,981
1033,14-04,SG,12,10,7,820
1034,14-04,TZ,3,5,2,134
1035,14-04,US,163,192,127,7158
1036,14-04,ZA,69,108,68,4090
1037,14-05,AU,69,102,65,4634
1038,14-05,BD,9,5,6,269
1039,14-05,CA,171,179,136,9024
1040,14-05,GB,165,213,185,8482
1041,14-05,GH,20,17,22,581
1042,14-05,HK,2,3,1,199
1043,14-05,IE,129,276,140,5034
1044,14-05,IN,95,63,79,5081
1045,14-05,JM,2,7,7,452
1046,14-05,KE,13,8,2,567
1047,14-05,LK,1,1,3,123
1048,14-05,MY,18,133,8,1009
1049,14-05,NG,41,45,66,1054
1050,14-05,NZ,28,19,25,1234
1051,14-05,PH,41,27,28,1987
1052,14-05,PK,47,62,60,921
1053,14-05,SG,12,22,4,959
1054,14-05,TZ,4,5,4,178
1055,14-05,US,197,207,133,7689
1056,14-05,ZA,87,136,67,4556
1057,14-06,AU,64,93,50,4224
1058,14-06,BD,4,2,2,181
1059,14-06,CA,160,145,99,8756
1060,14-06,GB,183,205,163,7768
1061,14-06,GH,12,17,16,584
1062,14-06,HK,2,1,0,176
1063,14-06,IE,127,280,131,5164
1064,14-06,IN,86,62,59,4670
1065,14-06,JM,3,2,1,348
1066,14-06,KE,12,8,12,565
1067,14-06,LK,1,2,1,154
1068,14-06,MY,15,31,15,1054
1069,14-06,NG,25,33,37,899
1070,14-06,NZ,31,24,26,1272
1071,14-06,PH,56,21,24,2121
1072,14-06,PK,40,59,61,951
1073,14-06,SG,21,20,14,1157
1074,14-06,TZ,3,5,1,180
1075,14-06,US,186,193,129,7087
1076,14-06,ZA,105,137,64,4536
1077,14-07,AU,70,111,53,4535
1078,14-07,BD,4,5,6,228
1079,14-07,CA,154,190,114,8727
1080,14-07,GB,184,228,188,8369
1081,14-07,GH,29,18,14,595
1082,14-07,HK,3,0,1,187
1083,14-07,IE,162,314,163,5615
1084,14-07,IN,102,81,65,4954
1085,14-07,JM,5,5,3,430
1086,14-07,KE,20,19,11,614
1087,14-07,LK,1,1,2,174
1088,14-07,MY,13,38,13,1073
1089,14-07,NG,21,43,47,1002
1090,14-07,NZ,33,31,22,1531
1091,14-07,PH,44,25,31,2267
1092,14-07,PK,58,71,69,1033
1093,14-07,SG,11,22,9,1368
1094,14-07,TZ,4,1,3,156
1095,14-07,US,172,200,114,7362
1096,14-07,ZA,135,150,81,5301
1097,14-08,AU,86,104,49,4130
1098,14-08,BD,5,3,3,228
1099,14-08,CA,155,160,116,8183
1100,14-08,GB,166,190,172,7408
1101,14-08,GH,16,10,16,604
1102,14-08,HK,1,2,2,148
1103,14-08,IE,111,252,107,4590
1104,14-08,IN,121,52,59,4289
1105,14-08,JM,5,5,8,399
1106,14-08,KE,14,12,7,507
1107,14-08,LK,3,3,5,186
1108,14-08,MY,11,121,15,1036
1109,14-08,NG,24,36,28,933
1110,14-08,NZ,35,21,15,1393
1111,14-08,PH,52,32,35,2252
1112,14-08,PK,51,62,57,946
1113,14-08,SG,8,17,6,1257
1114,14-08,TZ,5,3,3,168
1115,14-08,US,159,200,128,7120
1116,14-08,ZA,117,146,76,4900
1117,14-09,AU,72,97,56,4554
1118,14-09,BD,8,6,5,329
1119,14-09,CA,160,186,115,8588
1120,14-09,GB,179,217,177,8006
1121,14-09,GH,10,11,9,568
1122,14-09,HK,0,1,1,144
1123,14-09,IE,122,254,121,4988
1124,14-09,IN,109,63,62,4797
1125,14-09,JM,6,3,3,418
1126,14-09,KE,19,20,13,647
1127,14-09,LK,4,5,8,256
1128,14-09,MY,16,160,17,1215
1129,14-09,NG,28,28,40,1016
1130,14-09,NZ,54,28,26,1706
1131,14-09,PH,44,20,19,2137
1132,14-09,PK,47,51,56,905
1133,14-09,SG,15,14,24,1543
1134,14-09,TZ,3,2,3,189
1135,14-09,US,181,190,139,7273
1136,14-09,ZA,94,177,82,5228
1137,14-10,AU,55,95,66,4557
1138,14-10,BD,9,7,7,356
1139,14-10,CA,190,183,133,9061
1140,14-10,GB,192,223,181,8271
1141,14-10,GH,21,15,18,624
1142,14-10,HK,1,1,1,171
1143,14-10,IE,119,346,141,5809
1144,14-10,IN,100,56,71,4524
1145,14-10,JM,5,5,5,418
1146,14-10,KE,19,16,14,684
1147,14-10,LK,5,6,9,318
1148,14-10,MY,17,133,16,1215
1149,14-10,NG,27,29,43,921
1150,14-10,NZ,44,29,23,1745
1151,14-10,PH,49,23,22,2623
1152,14-10,PK,43,50,59,929
1153,14-10,SG,16,11,16,1851
1154,14-10,TZ,1,3,3,188
1155,14-10,US,166,207,143,7549
1156,14-10,ZA,107,162,106,5720
1157,14-11,AU,84,106,60,4427
1158,14-11,BD,11,16,4,305
1159,14-11,CA,169,165,135,8866
1160,14-11,GB,179,202,173,7739
1161,14-11,GH,11,17,25,635
1162,14-11,HK,3,0,2,164
1163,14-11,IE,129,277,162,5906
1164,14-11,IN,82,75,72,4344
1165,14-11,JM,3,5,2,389
1166,14-11,KE,17,13,10,656
1167,14-11,LK,2,8,6,249
1168,14-11,MY,14,131,12,1103
1169,14-11,NG,12,29,34,749
1170,14-11,NZ,28,27,29,1494
1171,14-11,PH,52,24,25,2363
1172,14-11,PK,38,38,47,925
1173,14-11,SG,17,10,11,1558
1174,14-11,TZ,3,5,1,184
1175,14-11,US,186,169,135,6637
1176,14-11,ZA,109,138,77,4819
1177,14-12,AU,61,102,62,4434
1178,14-12,BD,7,5,5,322
1179,14-12,CA,176,164,116,9514
1180,14-12,GB,180,205,172,8087
1181,14-12,GH,14,14,18,693
1182,14-12,HK,0,2,0,146
1183,14-12,IE,132,266,152,6189
1184,14-12,IN,83,125,76,4862
1185,14-12,JM,7,4,7,413
1186,14-12,KE,18,18,16,713
1187,14-12,LK,5,6,7,257
1188,14-12,MY,15,153,18,1194
1189,14-12,NG,28,24,31,865
1190,14-12,NZ,50,26,23,1611
1191,14-12,PH,57,34,35,2607
1192,14-12,PK,34,47,41,1086
1193,14-12,SG,22,16,20,1546
1194,14-12,TZ,3,6,1,200
1195,14-12,US,200,209,162,8442
1196,14-12,ZA,121,98,78,4313
1197,15-01,AU,55,83,54,3630
1198,15-01,BD,9,6,7,349
1199,15-01,CA,160,177,116,8546
1200,15-01,GB,194,195,178,7735
1201,15-01,GH,18,28,24,795
1202,15-01,HK,2,3,2,200
1203,15-01,IE,114,352,132,6004
1204,15-01,IN,74,49,66,4445
1205,15-01,JM,5,5,2,446
1206,15-01,KE,14,9,12,731
1207,15-01,LK,5,7,6,305
1208,15-01,MY,21,156,11,1137
1209,15-01,NG,12,34,35,782
1210,15-01,NZ,34,23,29,1504
1211,15-01,PH,57,32,36,2461
1212,15-01,PK,30,48,47,1133
1213,15-01,SG,21,19,13,2173
1214,15-01,TZ,4,1,2,268
1215,15-01,US,182,161,130,7009
1216,15-01,ZA,52,87,54,4898
1217,15-02,AU,61,94,49,4114
1218,15-02,BD,8,4,4,319
1219,15-02,CA,123,187,96,8180
1220,15-02,GB,207,184,159,7382
1221,15-02,GH,21,26,23,720
1222,15-02,HK,3,3,2,179
1223,15-02,IE,128,342,111,5463
1224,15-02,IN,54,47,55,3966
1225,15-02,JM,3,3,2,382
1226,15-02,KE,14,16,9,649
1227,15-02,LK,5,4,5,283
1228,15-02,MY,15,141,10,1005
1229,15-02,NG,27,30,30,803
1230,15-02,NZ,43,28,10,1745
1231,15-02,PH,62,32,36,2641
1232,15-02,PK,46,50,39,1111
1233,15-02,SG,20,25,7,2315
1234,15-02,TZ,6,4,1,252
1235,15-02,US,175,143,164,6783
1236,15-02,ZA,58,125,61,4892
1237,15-03,AU,82,115,59,4324
1238,15-03,BD,3,9,4,336
1239,15-03,CA,157,207,141,9469
1240,15-03,GB,216,183,179,8270
1241,15-03,GH,21,17,19,890
1242,15-03,HK,5,4,4,310
1243,15-03,IE,115,352,132,6039
1244,15-03,IN,58,47,62,4633
1245,15-03,JM,5,3,2,437
1246,15-03,KE,20,18,11,846
1247,15-03,LK,9,4,15,479
1248,15-03,MY,11,128,21,1159
1249,15-03,NG,15,28,28,806
1250,15-03,NZ,38,28,21,1813
1251,15-03,PH,64,26,35,3207
1252,15-03,PK,27,42,50,1147
1253,15-03,SG,41,40,22,2925
1254,15-03,TZ,11,4,5,293
1255,15-03,US,174,199,146,7961
1256,15-03,ZA,82,128,81,5997
1257,15-04,AU,67,90,59,3888
1258,15-04,BD,7,8,6,280
1259,15-04,CA,141,206,109,8465
1260,15-04,GB,219,217,189,7963
1261,15-04,GH,12,11,16,822
1262,15-04,HK,4,6,3,374
1263,15-04,IE,110,348,149,5656
1264,15-04,IN,60,45,66,4505
1265,15-04,JM,5,4,3,412
1266,15-04,KE,25,24,11,784
1267,15-04,LK,17,5,7,425
1268,15-04,MY,12,150,12,1123
1269,15-04,NG,19,24,24,618
1270,15-04,NZ,33,41,27,1691
1271,15-04,PH,51,38,30,3083
1272,15-04,PK,35,52,42,1058
1273,15-04,SG,40,38,30,3051
1274,15-04,TZ,5,9,3,297
1275,15-04,US,200,223,142,7450
1276,15-04,ZA,81,120,88,5765
1277,15-05,AU,82,98,70,4146
1278,15-05,BD,10,6,4,317
1279,15-05,CA,144,174,113,8060
1280,15-05,GB,204,204,190,7839
1281,15-05,GH,17,19,14,713
1282,15-05,HK,6,5,5,435
1283,15-05,IE,131,358,124,5573
1284,15-05,IN,53,46,64,4241
1285,15-05,JM,3,8,10,429
1286,15-05,KE,32,23,19,763
1287,15-05,LK,6,13,18,501
1288,15-05,MY,13,141,17,1082
1289,15-05,NG,21,29,32,745
1290,15-05,NZ,34,31,37,1669
1291,15-05,PH,62,31,34,2759
1292,15-05,PK,55,48,62,1131
1293,15-05,SG,39,41,31,3590
1294,15-05,TZ,7,7,2,243
1295,15-05,US,202,187,196,7158
1296,15-05,ZA,85,122,80,5781
1297,15-06,AU,77,84,59,4065
1298,15-06,BD,6,1,3,312
1299,15-06,CA,177,231,122,8975
1300,15-06,GB,228,221,177,8047
1301,15-06,GH,15,18,13,640
1302,15-06,HK,6,3,1,480
1303,15-06,IE,95,346,117,5154
1304,15-06,IN,60,49,57,4244
1305,15-06,JM,5,7,6,427
1306,15-06,KE,34,25,19,937
1307,15-06,LK,12,5,15,449
1308,15-06,MY,19,137,10,943
1309,15-06,NG,20,23,25,697
1310,15-06,NZ,39,32,34,1925
1311,15-06,PH,63,44,30,3288
1312,15-06,PK,24,47,31,1052
1313,15-06,SG,52,51,29,3277
1314,15-06,TZ,7,3,1,279
1315,15-06,US,191,189,165,7429
1316,15-06,ZA,71,120,61,5617
1317,15-07,AU,61,75,50,3740
1318,15-07,BD,4,2,4,279
1319,15-07,CA,137,157,102,8342
1320,15-07,GB,208,194,171,8044
1321,15-07,GH,12,12,18,684
1322,15-07,HK,11,9,1,438
1323,15-07,IE,91,305,149,5188
1324,15-07,IN,47,48,61,4090
1325,15-07,JM,2,5,5,434
1326,15-07,KE,16,30,26,914
1327,15-07,LK,13,16,20,498
1328,15-07,MY,12,121,12,963
1329,15-07,NG,18,19,23,677
1330,15-07,NZ,27,39,32,1485
1331,15-07,PH,84,48,33,3144
1332,15-07,PK,31,37,38,1028
1333,15-07,SG,57,58,40,3735
1334,15-07,TZ,6,4,6,291
1335,15-07,US,180,180,163,7515
1336,15-07,ZA,94,125,70,6295
1337,15-08,AU,55,75,37,3526
1338,15-08,BD,3,6,9,322
1339,15-08,CA,118,167,84,6846
1340,15-08,GB,164,166,130,6875
1341,15-08,GH,14,19,19,739
1342,15-08,HK,1,6,1,323
1343,15-08,IE,74,257,107,4817
1344,15-08,IN,42,42,78,4208
1345,15-08,JM,10,4,9,399
1346,15-08,KE,26,54,26,979
1347,15-08,LK,11,9,6,446
1348,15-08,MY,11,141,10,964
1349,15-08,NG,11,18,13,703
1350,15-08,NZ,18,24,12,957
1351,15-08,PH,62,32,30,2881
1352,15-08,PK,38,42,51,1069
1353,15-08,SG,59,46,29,3433
1354,15-08,TZ,4,4,1,264
1355,15-08,US,214,186,151,7077
1356,15-08,ZA,78,120,49,5824
1357,15-09,AU,39,74,46,3282
1358,15-09,BD,4,7,4,308
1359,15-09,CA,97,147,76,6784
1360,15-09,GB,180,191,162,7146
1361,15-09,GH,17,11,25,795
1362,15-09,HK,1,3,2,340
1363,15-09,IE,96,260,103,4477
1364,15-09,IN,37,37,58,3833
1365,15-09,JM,6,6,7,507
1366,15-09,KE,22,25,21,945
1367,15-09,LK,7,11,11,583
1368,15-09,MY,10,131,12,965
1369,15-09,NG,26,30,40,831
1370,15-09,NZ,15,19,11,979
1371,15-09,PH,73,52,41,3313
1372,15-09,PK,32,44,39,963
1373,15-09,SG,41,44,42,3578
1374,15-09,TZ,14,7,9,468
1375,15-09,US,211,195,162,7276
1376,15-09,ZA,80,118,54,5708
1377,15-10,AU,92,137,83,6675
1378,15-10,BD,8,5,7,368
1379,15-10,CA,165,247,135,11109
1380,15-10,GB,253,241,230,11020
1381,15-10,GH,19,14,24,857
1382,15-10,HK,3,4,4,362
1383,15-10,IE,180,481,186,7582
1384,15-10,IN,62,45,59,4293
1385,15-10,JM,11,5,5,577
1386,15-10,KE,39,34,26,1019
1387,15-10,LK,14,22,32,1027
1388,15-10,MY,8,135,8,969
1389,15-10,NG,31,29,33,848
1390,15-10,NZ,16,20,11,964
1391,15-10,PH,74,55,55,3524
1392,15-10,PK,34,40,34,1069
1393,15-10,SG,66,60,37,4213
1394,15-10,TZ,11,13,6,511
1395,15-10,US,286,282,244,10972
1396,15-10,ZA,103,152,95,5550
1397,15-11,AU,150,164,119,9830
1398,15-11,BD,8,5,3,342
1399,15-11,CA,206,384,174,14863
1400,15-11,GB,309,362,308,15437
1401,15-11,GH,16,19,16,863
1402,15-11,HK,10,2,6,451
1403,15-11,IE,229,636,309,10626
1404,15-11,IN,241,236,242,12798
1405,15-11,JM,10,9,17,714
1406,15-11,KE,19,27,25,1018
1407,15-11,LK,10,9,24,780
1408,15-11,MY,18,110,13,875
1409,15-11,NG,26,25,37,828
1410,15-11,NZ,56,62,42,3064
1411,15-11,PH,126,70,72,4823
1412,15-11,PK,28,46,34,1053
1413,15-11,SG,55,73,74,5798
1414,15-11,TZ,14,9,8,552
1415,15-11,US,457,398,317,16092
1416,15-11,ZA,209,205,152,8765
1417,15-12,AU,169,234,134,10529
1418,15-12,BD,19,22,17,501
1419,15-12,CA,212,292,154,13850
1420,15-12,GB,285,352,282,15805
1421,15-12,GH,24,22,20,985
1422,15-12,HK,9,12,9,755
1423,15-12,IE,246,750,286,11781
1424,15-12,IN,261,227,279,13554
1425,15-12,JM,15,8,18,880
1426,15-12,KE,45,30,21,1166
1427,15-12,LK,19,22,23,1307
1428,15-12,MY,11,132,12,909
1429,15-12,NG,20,21,35,1114
1430,15-12,NZ,111,97,105,5274
1431,15-12,PH,175,85,102,6722
1432,15-12,PK,37,37,55,1406
1433,15-12,SG,110,101,64,9107
1434,15-12,TZ,23,18,9,701
1435,15-12,US,415,372,316,16792
1436,15-12,ZA,237,233,185,9690
1437,16-01,AU,154,182,137,9404
1438,16-01,BD,118,103,108,3036
1439,16-01,CA,224,237,140,12289
1440,16-01,GB,416,371,369,16124
1441,16-01,GH,123,115,137,5864
1442,16-01,HK,14,20,25,1215
1443,16-01,IE,308,835,261,12172
1444,16-01,IN,415,332,440,18339
1445,16-01,JM,34,23,39,1930
1446,16-01,KE,138,99,97,4059
1447,16-01,LK,43,53,63,2372
1448,16-01,MY,128,646,106,8072
1449,16-01,NG,171,529,224,7954
1450,16-01,NZ,165,158,126,8299
1451,16-01,PH,197,129,123,9742
1452,16-01,PK,334,321,374,11111
1453,16-01,SG,117,109,92,8480
1454,16-01,TZ,19,15,15,850
1455,16-01,US,399,579,315,16150
1456,16-01,ZA,208,168,157,9624
1457,16-02,AU,149,200,184,9460
1458,16-02,BD,151,139,112,3299
1459,16-02,CA,166,214,123,11360
1460,16-02,GB,312,349,293,14313
1461,16-02,GH,115,96,118,5215
1462,16-02,HK,48,35,27,1660
1463,16-02,IE,307,1134,311,14176
1464,16-02,IN,504,391,475,19145
1465,16-02,JM,18,21,16,1036
1466,16-02,KE,50,41,44,1605
1467,16-02,LK,47,66,65,2457
1468,16-02,MY,104,815,94,8558
1469,16-02,NG,114,128,170,5566
1470,16-02,NZ,214,173,134,9515
1471,16-02,PH,104,68,63,4821
1472,16-02,PK,581,551,652,14076
1473,16-02,SG,88,65,65,5382
1474,16-02,TZ,6,9,4,329
1475,16-02,US,419,300,288,15127
1476,16-02,ZA,235,199,219,11611
1477,16-03,AU,357,346,254,16631
1478,16-03,BD,28,22,21,1399
1479,16-03,CA,377,387,249,22166
1480,16-03,GB,531,556,502,25418
1481,16-03,GH,169,131,161,7315
1482,16-03,HK,38,38,29,1323
1483,16-03,IE,471,2593,462,23347
1484,16-03,IN,882,620,623,30953
1485,16-03,JM,5,2,2,612
1486,16-03,KE,139,120,107,4434
1487,16-03,LK,45,45,37,1841
1488,16-03,MY,167,130,158,11324
1489,16-03,NG,385,430,506,13708
1490,16-03,NZ,231,219,170,12217
1491,16-03,PH,223,132,125,10783
1492,16-03,PK,769,680,764,13850
1493,16-03,SG,168,147,127,12318
1494,16-03,TZ,13,12,11,514
1495,16-03,US,662,547,474,25077
1496,16-03,ZA,272,233,244,15791
1497,16-04,AU,346,422,282,18589
1498,16-04,BD,28,27,16,1134
1499,16-04,CA,381,410,248,23698
1500,16-04,GB,489,513,447,23264
1501,16-04,GH,144,113,145,5819
1502,16-04,HK,25,22,25,1113
1503,16-04,IE,438,2761,399,23752
1504,16-04,IN,685,588,603,32698
1505,16-04,JM,1,4,3,511
1506,16-04,KE,117,317,88,15695
1507,16-04,LK,23,26,28,1154
1508,16-04,MY,124,117,102,9165
1509,16-04,NG,366,378,457,11840
1510,16-04,NZ,230,209,185,11426
1511,16-04,PH,235,115,121,10104
1512,16-04,PK,450,415,488,9669
1513,16-04,SG,112,123,109,9423
1514,16-04,TZ,16,6,3,441
1515,16-04,US,640,513,499,24671
1516,16-04,ZA,271,227,252,12435
1517,16-05,AU,312,377,272,18348
1518,16-05,BD,21,11,21,1180
1519,16-05,CA,346,359,185,22124
1520,16-05,GB,418,494,395,20911
1521,16-05,GH,134,99,140,5330
1522,16-05,HK,43,43,42,1264
1523,16-05,IE,414,2725,448,22666
1524,16-05,IN,670,795,650,35138
1525,16-05,JM,2,2,3,670
1526,16-05,KE,158,163,87,9430
1527,16-05,LK,31,20,28,1325
1528,16-05,MY,133,119,124,10186
1529,16-05,NG,452,356,421,13987
1530,16-05,NZ,231,225,346,11713
1531,16-05,PH,231,94,99,9109
1532,16-05,PK,404,399,586,13346
1533,16-05,SG,124,131,126,11069
1534,16-05,TZ,9,10,3,501
1535,16-05,US,627,480,456,23880
1536,16-05,ZA,322,273,269,14388
1537,16-06,AU,257,372,243,16265
1538,16-06,BD,39,20,22,1100
1539,16-06,CA,296,357,219,19671
1540,16-06,GB,329,405,323,18623
1541,16-06,GH,98,94,94,4032
1542,16-06,HK,38,21,37,909
1543,16-06,IE,390,2539,359,20001
1544,16-06,IN,674,635,706,29703
1545,16-06,JM,0,2,2,502
1546,16-06,KE,104,68,68,3263
1547,16-06,LK,20,27,28,1261
1548,16-06,MY,118,98,104,8492
1549,16-06,NG,388,335,398,10394
1550,16-06,NZ,195,185,138,10232
1551,16-06,PH,205,116,104,8692
1552,16-06,PK,317,313,444,12066
1553,16-06,SG,136,135,123,10144
1554,16-06,TZ,10,10,6,378
1555,16-06,US,521,388,449,20606
1556,16-06,ZA,236,213,168,11445
1557,16-07,AU,319,354,252,19131
1558,16-07,BD,24,29,16,920
1559,16-07,CA,270,329,206,18659
1560,16-07,GB,322,385,341,18079
1561,16-07,GH,111,88,129,3844
1562,16-07,HK,24,18,15,797
1563,16-07,IE,348,2457,317,19229
1564,16-07,IN,645,556,629,32322
1565,16-07,JM,8,2,4,587
1566,16-07,KE,83,64,87,2818
1567,16-07,LK,33,31,21,1235
1568,16-07,MY,77,85,86,5380
1569,16-07,NG,247,254,341,8935
1570,16-07,NZ,226,186,144,10890
1571,16-07,PH,132,82,100,6527
1572,16-07,PK,221,236,303,7840
1573,16-07,SG,114,97,92,7447
1574,16-07,TZ,6,10,5,389
1575,16-07,US,498,360,400,20233
1576,16-07,ZA,256,219,162,10312
1577,16-08,AU,315,365,320,21209
1578,16-08,BD,60,36,30,1821
1579,16-08,CA,387,358,221,23623
1580,16-08,GB,428,484,415,22126
1581,16-08,GH,217,163,199,7205
1582,16-08,HK,34,33,24,1490
1583,16-08,IE,428,2760,394,22687
1584,16-08,IN,662,525,659,33495
1585,16-08,JM,10,2,11,917
1586,16-08,KE,149,111,130,5557
1587,16-08,LK,39,46,52,2197
1588,16-08,MY,124,75,125,9251
1589,16-08,NG,561,577,841,21133
1590,16-08,NZ,294,257,279,14826
1591,16-08,PH,324,253,253,17664
1592,16-08,PK,471,460,543,16509
1593,16-08,SG,162,132,151,13035
1594,16-08,TZ,15,10,10,474
1595,16-08,US,553,414,489,23405
1596,16-08,ZA,384,319,318,16177
1597,16-09,AU,319,376,249,20659
1598,16-09,BD,43,30,30,1632
1599,16-09,CA,395,387,246,22446
1600,16-09,GB,418,455,387,20971
1601,16-09,GH,179,155,230,7233
1602,16-09,HK,44,28,28,1293
1603,16-09,IE,454,2519,329,22559
1604,16-09,IN,563,516,568,30814
1605,16-09,JM,13,8,18,968
1606,16-09,KE,154,125,156,6334
1607,16-09,LK,35,48,30,1975
1608,16-09,MY,79,86,100,8900
1609,16-09,NG,633,601,803,21729
1610,16-09,NZ,270,299,250,14540
1611,16-09,PH,250,116,172,11171
1612,16-09,PK,365,391,431,13096
1613,16-09,SG,171,157,157,13749
1614,16-09,TZ,10,7,4,345
1615,16-09,US,542,426,486,22379
1616,16-09,ZA,363,275,281,16710
1617,16-10,AU,375,460,246,22460
1618,16-10,BD,61,35,26,1780
1619,16-10,CA,376,390,255,22903
1620,16-10,GB,477,512,417,22795
1621,16-10,GH,211,173,235,8085
1622,16-10,HK,45,30,32,1427
1623,16-10,IE,374,2589,322,22913
1624,16-10,IN,676,575,629,30732
1625,16-10,JM,8,8,11,818
1626,16-10,KE,131,118,149,5701
1627,16-10,LK,37,32,35,1809
1628,16-10,MY,123,87,139,9213
1629,16-10,NG,607,534,704,22337
1630,16-10,NZ,308,284,225,16011
1631,16-10,PH,232,124,155,10933
1632,16-10,PK,442,391,482,13597
1633,16-10,SG,160,145,138,13119
1634,16-10,TZ,6,3,4,292
1635,16-10,US,648,468,493,25570
1636,16-10,ZA,388,308,283,15895
1637,16-11,AU,325,388,241,20075
1638,16-11,BD,48,35,30,1723
1639,16-11,CA,325,375,197,22784
1640,16-11,GB,514,559,471,23894
1641,16-11,GH,213,150,213,8557
1642,16-11,HK,52,52,37,1596
1643,16-11,IE,344,2456,361,22145
1644,16-11,IN,577,1053,709,28733
1645,16-11,JM,14,8,13,1063
1646,16-11,KE,170,142,153,6700
1647,16-11,LK,23,35,38,2001
1648,16-11,MY,107,93,141,8940
1649,16-11,NG,626,553,778,21101
1650,16-11,NZ,306,404,199,15114
1651,16-11,PH,309,128,158,11918
1652,16-11,PK,442,391,533,13615
1653,16-11,SG,139,145,119,12210
1654,16-11,TZ,2,0,0,135
1655,16-11,US,575,424,481,24219
1656,16-11,ZA,317,230,266,13902
1657,16-12,AU,338,402,239,20031
1658,16-12,BD,36,23,23,1423
1659,16-12,CA,299,299,148,21260
1660,16-12,GB,497,534,406,23311
1661,16-12,GH,166,113,162,7166
1662,16-12,HK,43,22,23,1365
1663,16-12,IE,334,2323,320,21016
1664,16-12,IN,726,585,679,30094
1665,16-12,JM,11,13,20,1231
1666,16-12,KE,166,127,140,6383
1667,16-12,LK,35,45,45,2061
1668,16-12,MY,151,134,135,10805
1669,16-12,NG,635,631,724,21170
1670,16-12,NZ,256,264,274,13545
1671,16-12,PH,256,144,185,12188
1672,16-12,PK,443,463,576,14803
1673,16-12,SG,131,115,117,11270
1674,16-12,TZ,0,0,0,100
1675,16-12,US,611,489,529,26057
1676,16-12,ZA,318,262,240,13447
1677,17-01,AU,312,405,277,18896
1678,17-01,BD,30,26,21,1217
1679,17-01,CA,325,302,218,20842
1680,17-01,GB,539,600,540,23812
1681,17-01,GH,229,173,254,8391
1682,17-01,HK,19,35,21,1179
1683,17-01,IE,412,2447,417,23264
1684,17-01,IN,717,502,706,27099
1685,17-01,JM,6,11,14,954
1686,17-01,KE,211,150,171,6538
1687,17-01,LK,27,41,56,1819
1688,17-01,MY,170,154,166,10979
1689,17-01,NG,664,638,846,19119
1690,17-01,NZ,295,291,228,12875
1691,17-01,PH,255,128,152,11409
1692,17-01,PK,361,424,575,14011
1693,17-01,SG,186,168,179,12652
1694,17-01,TZ,0,0,0,96
1695,17-01,US,651,523,586,25687
1696,17-01,ZA,365,281,314,13927
1697,17-02,AU,305,324,256,17777
1698,17-02,BD,29,22,22,984
1699,17-02,CA,291,329,171,20270
1700,17-02,GB,473,514,420,23098
1701,17-02,GH,161,161,207,8471
1702,17-02,HK,46,41,36,1379
1703,17-02,IE,157,1053,134,10620
1704,17-02,IN,653,464,484,22378
1705,17-02,JM,20,15,16,1073
1706,17-02,KE,133,115,115,6073
1707,17-02,LK,33,38,29,1750
1708,17-02,MY,210,169,176,11514
1709,17-02,NG,434,380,512,12920
1710,17-02,NZ,213,253,157,11710
1711,17-02,PH,175,116,112,7752
1712,17-02,PK,182,204,233,7505
1713,17-02,SG,168,154,148,11726
1714,17-02,TZ,1,2,0,160
1715,17-02,US,598,452,411,24346
1716,17-02,ZA,223,170,170,10476
1717,17-03,AU,388,446,340,21905
1718,17-03,BD,31,20,18,1245
1719,17-03,CA,429,401,243,27111
1720,17-03,GB,539,614,492,28090
1721,17-03,GH,154,113,173,6800
1722,17-03,HK,54,36,37,1556
1723,17-03,IE,365,2602,355,24856
1724,17-03,IN,764,563,756,28272
1725,17-03,JM,28,31,40,2198
1726,17-03,KE,211,145,167,6761
1727,17-03,LK,35,49,38,1839
1728,17-03,MY,214,193,246,14579
1729,17-03,NG,771,663,1047,21545
1730,17-03,NZ,353,308,220,17290
1731,17-03,PH,319,167,177,14008
1732,17-03,PK,442,453,571,14722
1733,17-03,SG,243,209,221,15787
1734,17-03,TZ,1,1,0,100
1735,17-03,US,661,470,528,27533
1736,17-03,ZA,301,310,271,15980
1737,17-04,AU,333,324,231,18388
1738,17-04,BD,22,19,13,1062
1739,17-04,CA,402,398,253,25947
1740,17-04,GB,440,509,424,24707
1741,17-04,GH,104,93,138,5199
1742,17-04,HK,40,42,35,1359
1743,17-04,IE,286,2361,291,21368
1744,17-04,IN,752,535,613,29357
1745,17-04,JM,23,31,42,1757
1746,17-04,KE,143,119,137,5935
1747,17-04,LK,24,28,24,1431
1748,17-04,MY,199,179,211,13500
1749,17-04,NG,661,642,857,17939
1750,17-04,NZ,292,294,179,14661
1751,17-04,PH,243,119,128,11260
1752,17-04,PK,291,300,348,9663
1753,17-04,SG,190,144,158,13463
1754,17-04,TZ,3,0,0,64
1755,17-04,US,640,493,508,25364
1756,17-04,ZA,392,290,292,15996
1757,17-05,AU,349,410,289,20387
1758,17-05,BD,29,17,23,1245
1759,17-05,CA,478,449,261,30280
1760,17-05,GB,445,550,417,25717
1761,17-05,GH,200,136,169,5915
1762,17-05,HK,63,36,38,1824
1763,17-05,IE,379,2696,358,25238
1764,17-05,IN,776,515,606,32176
1765,17-05,JM,27,33,34,1274
1766,17-05,KE,167,138,117,6289
1767,17-05,LK,33,47,39,1731
1768,17-05,MY,192,303,214,17734
1769,17-05,NG,625,563,777,21053
1770,17-05,NZ,365,392,216,18276
1771,17-05,PH,236,149,149,13864
1772,17-05,PK,353,438,462,10511
1773,17-05,SG,218,202,180,16523
1774,17-05,TZ,1,0,0,96
1775,17-05,US,647,523,574,26383
1776,17-05,ZA,371,315,295,18088
1777,17-06,AU,323,365,262,17793
1778,17-06,BD,25,18,19,1048
1779,17-06,CA,328,323,189,23864
1780,17-06,GB,414,432,345,22401
1781,17-06,GH,117,81,131,5061
1782,17-06,HK,67,39,61,2009
1783,17-06,IE,324,2341,306,22346
1784,17-06,IN,716,444,507,26548
1785,17-06,JM,28,29,42,1244
1786,17-06,KE,208,153,180,6705
1787,17-06,LK,24,35,25,1682
1788,17-06,MY,187,505,172,19446
1789,17-06,NG,514,534,722,20075
1790,17-06,NZ,280,295,176,13060
1791,17-06,PH,241,131,145,13112
1792,17-06,PK,406,408,466,10772
1793,17-06,SG,195,155,163,16336
1794,17-06,TZ,0,0,0,96
1795,17-06,US,621,458,505,23559
1796,17-06,ZA,365,320,313,17079
1797,17-07,AU,320,330,306,17102
1798,17-07,BD,22,22,15,1226
1799,17-07,CA,358,296,189,25402
1800,17-07,GB,489,469,453,25800
1801,17-07,GH,62,75,101,3706
1802,17-07,HK,31,17,24,1628
1803,17-07,IE,336,2554,300,24064
1804,17-07,IN,882,650,577,30505
1805,17-07,JM,60,33,46,1578
1806,17-07,KE,178,152,160,6525
1807,17-07,LK,16,35,37,1784
1808,17-07,MY,190,575,206,21881
1809,17-07,NG,453,485,628,18977
1810,17-07,NZ,284,262,184,14201
1811,17-07,PH,255,108,113,12698
1812,17-07,PK,367,405,517,11990
1813,17-07,SG,221,157,175,17450
1814,17-07,TZ,3,1,0,98
1815,17-07,US,666,530,597,28650
1816,17-07,ZA,399,343,283,17065
1817,17-08,AU,352,367,331,17590
1818,17-08,BD,18,11,14,902
1819,17-08,CA,368,372,241,28618
1820,17-08,GB,440,387,385,24077
1821,17-08,GH,84,77,85,3922
1822,17-08,HK,16,11,21,1520
1823,17-08,IE,364,2764,269,24350
1824,17-08,IN,717,642,664,32869
1825,17-08,JM,46,35,39,1431
1826,17-08,KE,130,116,150,6206
1827,17-08,LK,17,35,27,1828
1828,17-08,MY,196,382,205,21677
1829,17-08,NG,536,515,654,18980
1830,17-08,NZ,353,395,227,17809
1831,17-08,PH,208,94,112,12053
1832,17-08,PK,416,386,483,10937
1833,17-08,SG,177,142,141,16715
1834,17-08,TZ,2,1,1,102
1835,17-08,US,786,537,614,27909
1836,17-08,ZA,382,299,275,16918
1837,17-09,AU,357,419,291,19071
1838,17-09,BD,11,11,13,701
1839,17-09,CA,387,386,227,29422
1840,17-09,GB,422,475,327,24427
1841,17-09,GH,98,86,85,4605
1842,17-09,HK,27,19,8,1637
1843,17-09,IE,381,2534,283,24869
1844,17-09,IN,709,636,660,32835
1845,17-09,JM,42,44,42,1673
1846,17-09,KE,175,121,145,5166
1847,17-09,LK,16,22,25,1781
1848,17-09,MY,226,814,212,25135
1849,17-09,NG,455,457,608,18539
1850,17-09,NZ,338,321,225,16243
1851,17-09,PH,233,99,111,11497
1852,17-09,PK,396,410,486,11195
1853,17-09,SG,181,195,182,16753
1854,17-09,TZ,4,6,1,175
1855,17-09,US,702,578,504,27967
1856,17-09,ZA,385,345,259,17643
1857,17-10,AU,496,427,393,21410
1858,17-10,BD,9,10,14,696
1859,17-10,CA,415,401,291,30800
1860,17-10,GB,500,485,431,27546
1861,17-10,GH,157,164,167,7472
1862,17-10,HK,24,10,13,1642
1863,17-10,IE,500,1630,358,24831
1864,17-10,IN,757,588,621,34137
1865,17-10,JM,45,34,39,1658
1866,17-10,KE,153,132,142,5622
1867,17-10,LK,18,33,29,1831
1868,17-10,MY,232,597,210,21583
1869,17-10,NG,515,498,784,20962
1870,17-10,NZ,378,306,206,16991
1871,17-10,PH,222,136,143,12116
1872,17-10,PK,354,363,418,10705
1873,17-10,SG,216,172,207,17488
1874,17-10,TZ,2,0,1,87
1875,17-10,US,735,577,571,29969
1876,17-10,ZA,452,350,278,19015
1877,17-11,AU,428,425,394,18737
1878,17-11,BD,15,10,13,770
1879,17-11,CA,388,377,240,28184
1880,17-11,GB,447,477,404,24566
1881,17-11,GH,223,184,232,8813
1882,17-11,HK,26,24,17,1674
1883,17-11,IE,319,2446,286,22226
1884,17-11,IN,652,610,631,31894
1885,17-11,JM,28,21,31,1328
1886,17-11,KE,153,143,133,5724
1887,17-11,LK,16,31,31,1721
1888,17-11,MY,204,577,139,19932
1889,17-11,NG,450,408,622,18324
1890,17-11,NZ,378,366,215,16368
1891,17-11,PH,161,99,135,11181
1892,17-11,PK,182,198,223,7061
1893,17-11,SG,298,204,217,18691
1894,17-11,TZ,20,11,14,518
1895,17-11,US,801,589,619,29899
1896,17-11,ZA,317,293,230,15088
1897,17-12,AU,361,360,276,16221
1898,17-12,BD,16,9,16,749
1899,17-12,CA,279,331,183,23460
1900,17-12,GB,387,449,308,21258
1901,17-12,GH,239,166,201,8276
1902,17-12,HK,7,10,4,1008
1903,17-12,IE,228,2135,189,17074
1904,17-12,IN,697,602,612,30909
1905,17-12,JM,33,24,22,1071
1906,17-12,KE,142,121,148,6075
1907,17-12,LK,18,17,22,1431
1908,17-12,MY,164,710,139,23199
1909,17-12,NG,445,381,478,16933
1910,17-12,NZ,262,331,194,14024
1911,17-12,PH,152,86,86,8923
1912,17-12,PK,132,124,145,6126
1913,17-12,SG,235,174,172,14794
1914,17-12,TZ,4,5,3,221
1915,17-12,US,690,536,545,26390
1916,17-12,ZA,267,199,168,11729
1917,18-01,AU,363,296,261,14855
1918,18-01,BD,13,5,6,600
1919,18-01,CA,361,293,217,21477
1920,18-01,GB,312,319,276,17778
1921,18-01,GH,140,108,147,5739
1922,18-01,HK,26,5,13,1146
1923,18-01,IE,256,2090,212,17172
1924,18-01,IN,466,494,464,27007
1925,18-01,JM,9,12,12,601
1926,18-01,KE,146,99,138,6515
1927,18-01,LK,16,29,24,1394
1928,18-01,MY,156,318,147,12863
1929,18-01,NG,391,402,516,14412
1930,18-01,NZ,268,228,162,12169
1931,18-01,PH,101,62,63,6450
1932,18-01,PK,130,140,172,5673
1933,18-01,SG,199,167,162,14104
1934,18-01,TZ,3,5,2,104
1935,18-01,US,592,485,490,23983
1936,18-01,ZA,268,233,202,11798
1937,18-02,AU,351,349,291,15720
1938,18-02,BD,12,11,8,564
1939,18-02,CA,503,409,284,24270
1940,18-02,GB,266,301,252,16798
1941,18-02,GH,116,113,143,5430
1942,18-02,HK,22,9,14,1000
1943,18-02,IE,265,2259,214,19257
1944,18-02,IN,539,658,574,28623
1945,18-02,JM,8,5,7,474
1946,18-02,KE,152,117,128,6953
1947,18-02,LK,21,22,22,1162
1948,18-02,MY,113,103,129,8324
1949,18-02,NG,532,421,546,15079
1950,18-02,NZ,286,318,184,14669
1951,18-02,PH,126,71,61,7495
1952,18-02,PK,111,114,135,5221
1953,18-02,SG,203,159,186,14064
1954,18-02,TZ,0,2,0,54
1955,18-02,US,639,481,464,24451
1956,18-02,ZA,265,256,232,13620
1957,18-03,AU,377,335,354,17543
1958,18-03,BD,40,32,31,1712
1959,18-03,CA,513,468,337,27552
1960,18-03,GB,354,368,271,19779
1961,18-03,GH,130,97,120,5763
1962,18-03,HK,15,10,12,1066
1963,18-03,IE,302,2486,205,21470
1964,18-03,IN,471,530,465,31793
1965,18-03,JM,6,5,4,428
1966,18-03,KE,143,116,116,7096
1967,18-03,LK,23,29,31,1797
1968,18-03,MY,132,82,151,10194
1969,18-03,NG,332,335,413,15381
1970,18-03,NZ,406,353,346,18092
1971,18-03,PH,113,74,57,8138
1972,18-03,PK,123,145,160,5897
1973,18-03,SG,247,170,196,17100
1974,18-03,TZ,1,3,2,80
1975,18-03,US,582,485,439,21656
1976,18-03,ZA,283,265,211,13640
1977,18-04,AU,296,257,204,13565
1978,18-04,BD,33,33,31,1694
1979,18-04,CA,366,327,253,23325
1980,18-04,GB,303,335,229,18481
1981,18-04,GH,117,97,102,5249
1982,18-04,HK,17,6,8,1051
1983,18-04,IE,192,1997,168,15059
1984,18-04,IN,359,360,357,25454
1985,18-04,JM,11,11,9,435
1986,18-04,KE,205,138,167,6778
1987,18-04,LK,21,29,27,1605
1988,18-04,MY,111,68,101,7034
1989,18-04,NG,364,293,425,16326
1990,18-04,NZ,361,260,171,13709
1991,18-04,PH,143,96,75,7263
1992,18-04,PK,159,138,136,6220
1993,18-04,SG,243,175,193,16572
1994,18-04,TZ,4,3,5,99
1995,18-04,US,522,442,416,21099
1996,18-04,ZA,284,254,249,14663
1997,18-06,AU,271,280,264,15879
1998,18-06,BD,47,40,45,2480
1999,18-06,CA,351,306,230,23740
2000,18-06,GB,390,417,333,23429
2001,18-06,GH,66,64,63,3537
2002,18-06,HK,17,10,10,936
2003,18-06,IE,427,2387,274,23190
2004,18-06,IN,377,409,304,28154
2005,18-06,JM,7,8,4,325
2006,18-06,KE,206,135,139,6593
2007,18-06,LK,29,34,38,1872
2008,18-06,MY,91,72,119,6962
2009,18-06,NG,364,293,314,15955
2010,18-06,NZ,237,257,130,11365
2011,18-06,PH,281,111,108,8155
2012,18-06,PK,181,196,215,8791
2013,18-06,SG,180,166,162,13958
2014,18-06,TZ,7,5,1,271
2015,18-06,US,492,440,435,23178
2016,18-06,ZA,254,226,180,13013
2017,18-07,AU,221,200,156,11600
2018,18-07,BD,93,59,61,2978
2019,18-07,CA,316,265,200,19098
2020,18-07,GB,379,340,297,20012
2021,18-07,GH,76,88,85,4929
2022,18-07,HK,18,12,12,1360
2023,18-07,IE,305,1404,189,15688
2024,18-07,IN,268,310,273,21743
2025,18-07,JM,8,7,11,497
2026,18-07,KE,337,238,255,10261
2027,18-07,LK,37,44,39,2180
2028,18-07,MY,135,103,113,9418
2029,18-07,NG,408,385,482,22053
2030,18-07,NZ,208,167,100,9044
2031,18-07,PH,290,268,168,11317
2032,18-07,PK,239,272,323,11465
2033,18-07,SG,316,270,263,21768
2034,18-07,TZ,20,14,20,808
2035,18-07,US,386,309,334,16889
2036,18-07,ZA,354,312,267,18066
2037,18-08,AU,185,198,137,8680
2038,18-08,BD,55,44,36,1766
2039,18-08,CA,221,180,144,12247
2040,18-08,GB,249,235,197,13921
2041,18-08,GH,51,36,55,2857
2042,18-08,HK,10,9,13,902
2043,18-08,IE,220,893,151,12626
2044,18-08,IN,289,294,325,15902
2045,18-08,JM,6,5,7,264
2046,18-08,KE,170,115,128,5044
2047,18-08,LK,29,23,33,1569
2048,18-08,MY,63,70,84,5384
2049,18-08,NG,226,206,290,12489
2050,18-08,NZ,162,165,111,7250
2051,18-08,PH,200,157,106,7421
2052,18-08,PK,208,169,233,8723
2053,18-08,SG,215,189,208,14156
2054,18-08,TZ,14,9,11,395
2055,18-08,US,271,210,247,13427
2056,18-08,ZA,188,183,145,10258
2057,18-09,AU,314,307,228,14761
2058,18-09,BD,133,82,65,3795
2059,18-09,CA,382,378,335,22151
2060,18-09,GB,410,443,374,25344
2061,18-09,GH,157,104,110,6526
2062,18-09,HK,0,1,2,550
2063,18-09,IE,352,1764,251,21936
2064,18-09,IN,690,628,705,41021
2065,18-09,JM,17,14,12,684
2066,18-09,KE,227,175,192,8011
2067,18-09,LK,23,23,26,1987
2068,18-09,MY,131,109,132,8862
2069,18-09,NG,863,682,1020,29943
2070,18-09,NZ,233,261,120,13307
2071,18-09,PH,254,109,133,11286
2072,18-09,PK,363,310,445,13930
2073,18-09,SG,292,258,263,21234
2074,18-09,TZ,20,13,18,1051
2075,18-09,US,601,486,526,28253
2076,18-09,ZA,399,351,280,17855
2077,18-10,AU,319,346,222,15203
2078,18-10,BD,96,120,71,3769
2079,18-10,CA,391,359,252,21648
2080,18-10,GB,420,414,323,24808
2081,18-10,GH,113,126,133,6787
2082,18-10,HK,12,5,5,592
2083,18-10,IE,412,1870,326,24178
2084,18-10,IN,695,635,654,36461
2085,18-10,JM,11,13,4,543
2086,18-10,KE,284,218,203,9268
2087,18-10,LK,14,21,20,1805
2088,18-10,MY,135,105,142,9745
2089,18-10,NG,605,531,788,26541
2090,18-10,NZ,215,186,153,11060
2091,18-10,PH,268,130,146,11356
2092,18-10,PK,324,354,448,13408
2093,18-10,SG,335,284,333,24937
2094,18-10,TZ,26,23,15,1116
2095,18-10,US,556,457,430,24661
2096,18-10,ZA,406,350,298,18919
2097,18-11,AU,253,302,200,13217
2098,18-11,BD,81,82,57,3464
2099,18-11,CA,367,323,217,19647
2100,18-11,GB,344,363,278,22702
2101,18-11,GH,116,131,101,5880
2102,18-11,HK,4,6,1,705
2103,18-11,IE,378,1597,309,22587
2104,18-11,IN,716,615,584,34314
2105,18-11,JM,11,7,10,642
2106,18-11,KE,262,191,187,10171
2107,18-11,LK,12,13,13,1397
2108,18-11,MY,149,113,144,7692
2109,18-11,NG,486,430,624,21998
2110,18-11,NZ,245,221,155,12094
2111,18-11,PH,284,156,575,11863
2112,18-11,PK,300,296,387,13833
2113,18-11,SG,251,263,203,20966
2114,18-11,TZ,38,29,15,1332
2115,18-11,US,592,466,459,26431
2116,18-11,ZA,443,324,278,18760
2117,18-12,AU,193,208,149,10209
2118,18-12,BD,92,76,52,3077
2119,18-12,CA,336,262,212,17577
2120,18-12,GB,295,356,242,19610
2121,18-12,GH,143,127,86,4678
2122,18-12,HK,1,3,3,491
2123,18-12,IE,379,1526,207,18411
2124,18-12,IN,707,548,593,35296
2125,18-12,JM,3,5,2,478
2126,18-12,KE,351,238,255,7374
2127,18-12,LK,15,14,14,1450
2128,18-12,MY,128,127,155,8050
2129,18-12,NG,673,623,784,27010
2130,18-12,NZ,173,155,102,9413
2131,18-12,PH,264,155,398,11874
2132,18-12,PK,291,329,401,13651
2133,18-12,SG,244,200,193,22295
2134,18-12,TZ,38,20,16,1158
2135,18-12,US,535,443,491,23777
2136,18-12,ZA,308,250,226,13989
2137,19-01,AU,263,811,204,12928
2138,19-01,BD,106,75,69,3126
2139,19-01,CA,274,248,175,20700
2140,19-01,GB,345,424,361,24181
2141,19-01,GH,136,134,175,6786
2142,19-01,HK,3,5,0,677
2143,19-01,IE,330,1689,302,21767
2144,19-01,IN,700,552,669,39895
2145,19-01,JM,5,2,4,646
2146,19-01,KE,444,333,387,10381
2147,19-01,LK,22,24,19,1826
2148,19-01,MY,134,110,130,8775
2149,19-01,NG,671,705,1039,31378
2150,19-01,NZ,194,224,125,11427
2151,19-01,PH,389,205,213,15288
2152,19-01,PK,379,353,468,18154
2153,19-01,SG,287,261,263,24243
2154,19-01,TZ,25,24,19,1326
2155,19-01,US,622,478,505,28227
2156,19-01,ZA,360,294,238,18811
2157,19-02,AU,255,265,196,12673
2158,19-02,BD,129,105,88,3333
2159,19-02,CA,234,207,127,18201
2160,19-02,GB,338,377,282,23063
2161,19-02,GH,150,146,144,6636
2162,19-02,HK,1,5,2,595
2163,19-02,IE,362,1938,256,23185
2164,19-02,IN,603,493,506,35148
2165,19-02,JM,7,1,2,650
2166,19-02,KE,438,342,366,10898
2167,19-02,LK,30,24,23,1778
2168,19-02,MY,100,129,132,8586
2169,19-02,NG,711,601,872,29892
2170,19-02,NZ,237,228,132,12445
2171,19-02,PH,390,232,279,14454
2172,19-02,PK,275,334,398,15480
2173,19-02,SG,290,251,253,22536
2174,19-02,TZ,28,28,18,1286
2175,19-02,US,538,392,452,24587
2176,19-02,ZA,399,349,292,19882
2177,19-03,AU,259,329,255,13761
2178,19-03,BD,207,129,153,4909
2179,19-03,CA,252,232,136,19974
2180,19-03,GB,350,434,322,23398
2181,19-03,GH,140,127,139,6925
2182,19-03,HK,3,8,2,789
2183,19-03,IE,383,1806,270,22630
2184,19-03,IN,627,571,597,36851
2185,19-03,JM,8,7,3,652
2186,19-03,KE,446,337,380,10244
2187,19-03,LK,30,27,32,1731
2188,19-03,MY,132,117,117,8522
2189,19-03,NG,572,540,786,27086
2190,19-03,NZ,261,269,138,12072
2191,19-03,PH,294,193,183,13172
2192,19-03,PK,314,362,408,14888
2193,19-03,SG,297,244,225,19830
2194,19-03,TZ,30,24,20,1078
2195,19-03,US,550,417,389,24874
2196,19-03,ZA,408,322,303,20146
2197,19-04,AU,320,314,221,13080
2198,19-04,BD,102,78,74,4490
2199,19-04,CA,250,216,175,19223
2200,19-04,GB,390,408,350,25870
2201,19-04,GH,156,130,131,7215
2202,19-04,HK,3,6,11,776
2203,19-04,IE,392,1678,251,22465
2204,19-04,IN,987,739,800,32112
2205,19-04,JM,2,2,1,578
2206,19-04,KE,545,378,395,10392
2207,19-04,LK,17,19,15,1650
2208,19-04,MY,189,172,196,12575
2209,19-04,NG,758,726,995,31965
2210,19-04,NZ,263,263,180,12318
2211,19-04,PH,335,182,195,13464
2212,19-04,PK,251,337,347,12787
2213,19-04,SG,286,240,360,21559
2214,19-04,TZ,33,26,22,1361
2215,19-04,US,619,485,517,25882
2216,19-04,ZA,407,336,227,18772
2217,19-05,AU,292,311,199,13553
2218,19-05,BD,119,82,92,4721
2219,19-05,CA,261,250,156,19417
2220,19-05,GB,383,448,350,25827
2221,19-05,GH,130,136,135,6378
2222,19-05,HK,28,16,24,1927
2223,19-05,IE,341,1675,245,23115
2224,19-05,IN,887,706,819,31624
2225,19-05,JM,6,4,2,639
2226,19-05,KE,476,346,399,11349
2227,19-05,LK,27,38,29,2084
2228,19-05,MY,144,153,183,10899
2229,19-05,NG,801,731,1142,30385
2230,19-05,NZ,289,290,174,12596
2231,19-05,PH,393,225,236,13948
2232,19-05,PK,280,336,363,13026
2233,19-05,SG,267,222,639,21159
2234,19-05,TZ,47,34,24,1309
2235,19-05,US,603,472,462,25461
2236,19-05,ZA,430,373,273,20316
2237,19-06,AU,297,307,202,15018
2238,19-06,BD,121,99,73,4859
2239,19-06,CA,326,263,179,19772
2240,19-06,GB,382,425,340,25008
2241,19-06,GH,131,109,102,5989
2242,19-06,HK,29,46,48,2687
2243,19-06,IE,362,1607,253,22251
2244,19-06,IN,863,775,815,37064
2245,19-06,JM,4,6,7,713
2246,19-06,KE,490,401,433,12133
2247,19-06,LK,36,43,228,1933
2248,19-06,MY,148,153,152,10839
2249,19-06,NG,832,788,1063,27601
2250,19-06,NZ,254,253,142,12445
2251,19-06,PH,415,257,269,18296
2252,19-06,PK,265,293,312,11612
2253,19-06,SG,228,228,445,21488
2254,19-06,TZ,23,20,18,914
2255,19-06,US,604,495,413,27112
2256,19-06,ZA,475,316,275,19507
2257,19-07,  ,12,9,14,453
2258,19-07,? ,110,161,77,7928
2259,19-07,AU,99,95,99,3707
2260,19-07,BD,78,29,21,1706
2261,19-07,CA,123,88,86,6529
2262,19-07,GB,117,115,88,6508
2263,19-07,GH,30,32,24,1443
2264,19-07,HK,7,3,2,326
2265,19-07,IE,142,323,73,5559
2266,19-07,IN,414,328,407,13893
2267,19-07,JM,2,0,2,197
2268,19-07,KE,40,27,40,1853
2269,19-07,LK,6,9,17,594
2270,19-07,MY,54,59,60,3639
2271,19-07,NG,235,209,273,6330
2272,19-07,NZ,50,55,27,2767
2273,19-07,PH,72,36,49,3191
2274,19-07,PK,82,89,102,3538
2275,19-07,SG,54,61,166,5502
2276,19-07,TZ,5,5,4,182
2277,19-07,US,1522,1355,1170,75694
2278,19-07,ZA,108,92,86,5042
2279,19-07,y ,8,17,8,1055
2280,19-10,??,220,216,115,12384
2281,19-10,AU,198,359,162,14838
2282,19-10,BD,20,18,28,794
2283,19-10,CA,347,301,221,17189
2284,19-10,GB,374,618,376,24736
2285,19-10,GH,24,31,53,1362
2286,19-10,HK,19,11,15,1603
2287,19-10,IE,358,899,239,19597
2288,19-10,IN,395,415,345,18829
2289,19-10,JM,8,5,3,562
2290,19-10,KE,105,81,71,4715
2291,19-10,LK,20,16,10,1108
2292,19-10,MY,57,65,65,4723
2293,19-10,NG,237,224,319,11301
2294,19-10,NZ,75,85,35,3951
2295,19-10,PH,150,99,92,6222
2296,19-10,PK,81,101,116,4665
2297,19-10,SG,120,173,113,7739
2298,19-10,TZ,10,14,17,508
2299,19-10,US,2499,2782,1937,156181
2300,19-10,ZA,222,199,153,11311
2301,19-11,??,368,216,112,13107
2302,19-11,AU,219,258,201,17432
2303,19-11,BD,23,24,13,1040
2304,19-11,CA,329,390,226,18669
2305,19-11,GB,364,547,380,25210
2306,19-11,GH,62,40,72,2156
2307,19-11,HK,16,18,15,1485
2308,19-11,IE,267,829,218,17969
2309,19-11,IN,490,495,380,21974
2310,19-11,JM,10,9,6,685
2311,19-11,KE,102,114,101,5023
2312,19-11,LK,18,20,23,1649
2313,19-11,MY,57,68,91,5062
2314,19-11,NG,262,265,308,12012
2315,19-11,NZ,87,109,44,6050
2316,19-11,PH,202,111,113,8440
2317,19-11,PK,84,104,103,4751
2318,19-11,SG,91,92,82,6282
2319,19-11,TZ,23,16,9,548
2320,19-11,US,2913,3421,2084,162324
2321,19-11,ZA,199,217,183,12538
2322,19-12,??,505,234,124,15525
2323,19-12,AU,233,407,194,17260
2324,19-12,BD,25,23,14,987
2325,19-12,CA,254,390,186,16146
2326,19-12,GB,380,583,368,24589
2327,19-12,GH,32,61,56,1798
2328,19-12,HK,11,13,13,1365
2329,19-12,IE,311,1125,234,17095
2330,19-12,IN,496,533,525,23846
2331,19-12,JM,8,7,7,283
2332,19-12,KE,102,105,93,5776
2333,19-12,LK,19,24,21,1516
2334,19-12,MY,65,81,74,4602
2335,19-12,NG,389,270,385,11907
2336,19-12,NZ,83,92,45,5471
2337,19-12,PH,181,117,98,8093
2338,19-12,PK,76,119,128,4564
2339,19-12,SG,91,103,106,6301
2340,19-12,TZ,24,14,8,644
2341,19-12,US,2978,3799,2181,171965
2342,19-12,ZA,0,0,0,8
